CREATE DATABASE  IF NOT EXISTS `mydb` /*!40100 DEFAULT CHARACTER SET utf8 */ /*!80016 DEFAULT ENCRYPTION='N' */;
USE `mydb`;
-- MySQL dump 10.13  Distrib 8.0.22, for macos10.15 (x86_64)
--
-- Host: localhost    Database: mydb
-- ------------------------------------------------------
-- Server version	8.0.22

/*!40101 SET @OLD_CHARACTER_SET_CLIENT=@@CHARACTER_SET_CLIENT */;
/*!40101 SET @OLD_CHARACTER_SET_RESULTS=@@CHARACTER_SET_RESULTS */;
/*!40101 SET @OLD_COLLATION_CONNECTION=@@COLLATION_CONNECTION */;
/*!50503 SET NAMES utf8 */;
/*!40103 SET @OLD_TIME_ZONE=@@TIME_ZONE */;
/*!40103 SET TIME_ZONE='+00:00' */;
/*!40014 SET @OLD_UNIQUE_CHECKS=@@UNIQUE_CHECKS, UNIQUE_CHECKS=0 */;
/*!40014 SET @OLD_FOREIGN_KEY_CHECKS=@@FOREIGN_KEY_CHECKS, FOREIGN_KEY_CHECKS=0 */;
/*!40101 SET @OLD_SQL_MODE=@@SQL_MODE, SQL_MODE='NO_AUTO_VALUE_ON_ZERO' */;
/*!40111 SET @OLD_SQL_NOTES=@@SQL_NOTES, SQL_NOTES=0 */;

--
-- Table structure for table `actors_link`
--

DROP TABLE IF EXISTS `actors_link`;
/*!40101 SET @saved_cs_client     = @@character_set_client */;
/*!50503 SET character_set_client = utf8mb4 */;
CREATE TABLE `actors_link` (
  `movieID` int NOT NULL,
  `actorID` int NOT NULL,
  KEY `fk_table1_general_information1_idx` (`movieID`),
  KEY `fk_table1_actors_list1_idx` (`actorID`),
  CONSTRAINT `fk_table1_actors_list1` FOREIGN KEY (`actorID`) REFERENCES `actors_list` (`actorID`),
  CONSTRAINT `fk_table1_general_information1` FOREIGN KEY (`movieID`) REFERENCES `general_information` (`movieID`)
) ENGINE=InnoDB DEFAULT CHARSET=utf8;
/*!40101 SET character_set_client = @saved_cs_client */;

--
-- Dumping data for table `actors_link`
--

LOCK TABLES `actors_link` WRITE;
/*!40000 ALTER TABLE `actors_link` DISABLE KEYS */;
INSERT INTO `actors_link` VALUES (1,1),(2,2),(3,3),(4,4),(5,5),(6,6),(7,7),(8,8),(9,9),(10,10),(11,11),(12,12),(13,13),(14,14),(15,15),(16,16),(17,17),(18,18),(19,19),(20,20),(21,21),(22,22),(23,23),(24,24),(25,25),(26,26),(27,27),(28,28),(29,29),(30,30),(31,31),(32,32),(33,33),(34,34),(35,35),(36,36),(37,37),(38,38),(39,39),(40,40),(41,41),(42,42),(43,43),(44,44),(45,45),(46,46),(47,47),(48,48),(49,49),(50,50),(51,51),(52,52),(53,53),(54,54),(55,55),(56,56),(57,57),(58,58),(59,59),(60,60),(61,61),(62,62),(63,63),(64,64),(65,65),(66,66),(67,67),(68,68),(69,69),(70,70),(71,71),(72,72),(73,73),(74,74),(75,75),(76,76),(77,77),(78,78),(79,79),(80,80),(81,81),(82,82),(83,83),(84,84),(85,85),(86,86),(87,87),(88,88),(89,89),(90,90),(91,91),(92,92),(93,93),(94,94),(95,95),(96,96),(97,97),(98,98),(99,99),(100,100),(101,101),(102,102),(103,103),(104,104),(105,105),(106,106),(107,107),(108,108),(109,109),(110,110),(111,111),(112,112),(113,113),(114,114),(115,115),(116,116),(117,117),(118,118),(119,119),(120,120),(121,121),(122,122),(123,123),(124,124),(125,125),(126,126),(127,127),(128,128),(129,129),(130,130),(131,131),(132,132),(133,133),(134,134),(135,135),(136,136),(137,137),(138,138),(139,139),(140,140),(141,141),(142,142),(143,143),(144,144),(145,145),(146,146),(147,147),(148,148),(149,149),(150,150),(151,151),(152,152),(153,153),(154,154),(155,155),(156,156),(157,157),(158,158),(159,159),(160,160),(161,161),(162,162),(163,163),(164,164),(165,165),(166,166),(167,167),(168,168),(169,169),(170,170),(171,171),(172,172),(173,173),(174,174),(175,175),(176,176),(177,177),(178,178),(179,179),(180,180),(181,181),(182,182),(183,183),(184,184),(185,185),(186,186),(187,187),(188,188),(189,189),(190,190),(191,191),(192,192),(193,193),(194,194),(195,195),(196,196),(197,197),(198,198),(199,199),(200,200),(201,201),(202,202),(203,203),(204,204),(205,205),(206,206),(207,207),(208,208),(209,209),(210,210),(211,211),(212,212),(213,213),(214,214),(215,215),(216,216),(217,217),(218,218),(219,219),(220,220),(221,221),(222,222),(223,223),(224,224),(225,225),(226,226),(227,227),(228,228),(229,229),(230,230),(231,231),(232,232),(233,233),(234,234),(235,235),(236,236),(237,237),(238,238),(239,239),(240,240),(241,241),(242,242),(243,243),(244,244),(245,245),(246,246),(247,247),(248,248),(249,249),(250,250),(251,251),(252,252),(253,253),(254,254),(255,255),(256,256),(257,257),(258,258),(259,259),(260,260),(261,261),(262,262),(263,263),(264,264),(265,265),(266,266),(267,267),(268,268),(269,269),(270,270),(271,271),(272,272),(273,273),(274,274),(275,275),(276,276),(277,277),(278,278),(279,279),(280,280),(281,281),(282,282),(283,283),(284,284),(285,285),(286,286),(287,287),(288,288),(289,289),(290,290),(291,291),(292,292),(293,293),(294,294),(295,295),(296,296),(297,297),(298,298),(299,299),(300,300),(301,301),(302,302),(303,303),(304,304),(305,305),(306,306),(307,307),(308,308),(309,309),(310,310),(311,311),(312,312),(313,313),(314,314),(315,315),(316,316),(317,317),(318,318),(319,319),(320,320),(321,321),(322,322),(323,323),(324,324),(325,325),(326,326),(327,327),(328,328),(329,329),(330,330),(331,331),(332,332),(333,333),(334,334),(335,335),(336,336),(337,337),(338,338),(339,339),(340,340),(341,341),(342,342),(343,343),(344,344),(345,345),(346,346),(347,347),(348,348),(349,349),(350,350),(351,351),(352,352),(353,353),(354,354),(355,355),(356,356),(357,357),(358,358),(359,359),(360,360),(361,361),(362,362),(363,363),(364,364),(365,365),(366,366),(367,367),(368,368),(369,369),(370,370),(371,371),(372,372),(373,373),(374,374),(375,375),(376,376),(377,377),(378,378),(379,379),(380,380),(381,381),(382,382),(383,383),(384,384),(385,385),(386,386),(387,387),(388,388),(389,389),(390,390),(391,391),(392,392),(393,393),(394,394),(395,395),(396,396),(397,397),(398,398),(399,399),(400,400),(401,401),(402,402),(403,403),(404,404),(405,405),(406,406),(407,407),(408,408),(409,409),(410,410),(411,411),(412,412),(413,413),(414,414),(415,415),(416,416),(417,417),(418,418),(419,419),(420,420),(421,421),(422,422),(423,423),(424,424),(425,425),(426,426),(427,427),(428,428),(429,429),(430,430),(431,431);
/*!40000 ALTER TABLE `actors_link` ENABLE KEYS */;
UNLOCK TABLES;

--
-- Table structure for table `actors_list`
--

DROP TABLE IF EXISTS `actors_list`;
/*!40101 SET @saved_cs_client     = @@character_set_client */;
/*!50503 SET character_set_client = utf8mb4 */;
CREATE TABLE `actors_list` (
  `actorID` int NOT NULL AUTO_INCREMENT,
  `actors` varchar(1000) DEFAULT NULL,
  PRIMARY KEY (`actorID`),
  UNIQUE KEY `actorID_UNIQUE` (`actorID`)
) ENGINE=InnoDB AUTO_INCREMENT=432 DEFAULT CHARSET=utf8;
/*!40101 SET character_set_client = @saved_cs_client */;

--
-- Dumping data for table `actors_list`
--

LOCK TABLES `actors_list` WRITE;
/*!40000 ALTER TABLE `actors_list` DISABLE KEYS */;
INSERT INTO `actors_list` VALUES (1,'Edward Norton, Gugu Mbatha-Raw, Alec Baldwin, Bobby Cannavale, Willem Dafoe, Bruce Willis, Ethan Suplee, Cherry Jones, Dallas Roberts, Josh Pais, Radu Spinghel, Fisher Stevens, Peter Gray Lewis, Robert Wisdom, Michael Kenneth Williams'),(2,'Rosa Salazar, Christoph Waltz, Jennifer Connelly, Mahershala Ali, Ed Skrein, Jackie Earle Haley, Keean Johnson, Jorge Lendeborg Jr., Lana Condor, Idara Victor, Jeff Fahey, Eiza González, Derek Mears, Leonard Wu, Racer Maximiliano Rodriguez-Avellan'),(3,'Machine Gun Kelly, Erin Ownbey, Douglas Booth, Aaron Jay Rome, Daniel Webber, Alyssa Marie Stilwell, Brittany Furlan, Iwan Rheon, Trace Masters, Matthew Underwood, Kathryn Morris, Vince Mattis, Mark Ashworth, Avis-Marie Barnes, Eleanor T. Threatt'),(4,'Gary Carr, Erik LaRay Harvey, Ian McShane, Michael Rooker, Yaya DaCosta, Reno Wilson, Robert Ri\'chard, Karimah Westbrook, JoNell Kennedy, Kearia Schroeder, Serena Reeder, Krystal Farris, Christina Marie Karis, Terri Abney, Breon Pugh'),(5,'Rob Morgan, Amber Havard, Yolonda Ross, Keira Bennett, Karla Garbelotto, Troy Anthony Hogan, Peggy Schott, James Schuler, Lee Stringer, Keeli Wheeler'),(6,'Angelica Adams, Eleanor Brandle-Frank, Peppa Brandle-Frank, Grace Chan, Jerry Colpitts, Frank Failla, Vinita Handa-Koller, Virginia Locke, Tucker Maloney, Chris Mollica, C. Boyd Motley, Chandler Rosenthal, Brian Silliman'),(7,'Elizabeth Lail, Jordan Calloway, Talitha Eliana Bateman, Peter Facinelli, Dillon Lane, Tichina Arnold, Tom Segura, Lana McKissack, Anne Winters, Matt Letscher, P.J. Byrne, Valente Rodriguez, Louisa Abernathy, Charlie McDermott, Jonny Berryman'),(8,'Chrishell Hartley, Nicole Bilderback, Jason Dolley, Darrin Dewitt Henson, Naaji Kenn, Charlie O\'Connell, Mirela Ajdimovski, Renee Ashley, Chasty Ballesteros, Heather Benson, Lyman Chen, Kyle Fraser, Daniel Greer, Daniel Haley, Peter Johnson'),(9,'Vivek, Charlie, Pooja Devariya, Dev, Gajaraj, Paige Henderson, Lionel Flynn, Gabrielle Castronover, Leah Marie Carrell, Anny Havland, Tyler Roy Roberts, Cassidy Silva, Andrew Scott McIntyre, Larnell Baxter, Michael Horstman'),(10,'Sarah Bently, Joseph Mazzaferro'),(11,'Thomas Freeley, Maria Petrano, Jacob Whiteshed'),(12,'Mahiro Tanimoto, Ishii Yuichi'),(13,'Eric Roberts, Toshi Toda, Adrian Bouchet, Natalie Robbie, Donna Cormack Thomson, Chris Fisher, Jonathan Pienaar, Margot Wood, Andrew Dennison, Meghan Oberholzer, Ryan Kruger, Lindsay Sullivan, Craig Young, DeWet Du Toit'),(14,'Randy Couture, Chuck Liddell, Weston Cage Coppola, Jesse Kove, David Tom, Geoff Meed, Isaac J. Cruz, Kellan Rhude, Matthew Dennis Lewis, Sam Gipson, Brandon Root, Tyler Bryan, Mike C. Manning, Christian Oliver, Ben van Diepen'),(15,'Kevin Makely, Mira Sorvino, Bruce Dern, Wes Studi, Trace Adkins, Jeff Fahey, Tony Todd, James Russo, Amanda Wyss, Ryan Kelley, Todd A. Robinson, Aidan Bristow, Reggie Watkins, Anita Leeman Torres, Omid Zader'),(16,'Emma Bell, Nick Ballard, Bradley Bundlie, Gail O\'Grady, Corbin Timbrook, Kate Miner, Robert Adamson, Caia Coley, Alicia James, Sotida Arpon, Bridgette Meredith Garb, Enslee Moore, Gunnar Koehler'),(17,'Jon Foo, Trace Adkins, Sean Patrick Flanery, Kaiwi Lyman, Danny Trejo, Mitchell L. Johnson, Philip V. Bruenn, Nellie LeeYa, Alan Donnes, Peter Sherayko, Melissa Phebe Baxter, Cara Fay, Hunter Paul, Annie Tezuki, Layne Herrin'),(18,'Joel Berti, Jennifer Lee Wiggins, Lauren Esposito, Charles N. Townsend III, Anna Sofie Christensen, Blake Dang, John Liiving, Eric Paul Erickson, Delondra Mesa, Jude Williams, Jose Montesinos, Joe Roach, Sharon Desiree, Ryan Patrick Shanahan, Nicole Asher'),(19,'Nigel Bach'),(20,'Troy Baker, Steve Blum, Zach Callison, Cam Clarke, Will Friedle, Ralph Garman, Jake Green, Josh Keaton, Tom Kenny, Christian Lanz, Scott Menville, Nolan North, André Sogliuzzo, Jason Spisak, Alyson Stoner'),(21,'Neil Hopkins, Ruby O\'Donnell, Phet Mahathongdy, Deanna Russo, Ptolemy Slocum, Reina Guthrie, Shellye Broughton, Paul McCarthy-Boyington, Gretchen Lodge, Danielle Lewis, Keith Hudson, Sergio Martinez, Clint Jung, Albert A. Vega, Michele Weaver'),(22,'Ken Breese, Max Reeves, Abigail Stanton, Ariel Aguilera, Vada Ashley, Cassidy Boland, Jordan Kaplan, Taylor King, Morgan Makana, Mila Maximova, R. Bryan Moore, Vaughn Page, Karl Perry, Brian Pierce, Max Raines'),(23,'Carter, David E. Cazares, Deanna Grace Congo, Brittany Goodwin, Shamel Hashish'),(24,'Lathrop Walker, Tabitha Bastien, Helena Grace Donald, Michael Winters, Vincent Cardinale, Bruce Weech, Obren Milanovic, S. Joe Downing, Alix Angelis, Mark Sehlbach, T. Ivan Winkler, Mahria Zook, Jon King, Michael Place, Joe McCarthy'),(25,'Melanie Martinez, Emma Harvey, Megan Gage, Maggie Budzyna, Adrian Jurics, Gergely Kiss, Natalia Toth, Tamas Gog, Robert Szabolcs, Bence Balogh, Vilmos Heim, Alissa Torvinen, Anne Wittman, Joel Francis-Williams, Toby Eddington'),(26,'Ian Ziering, Erich Chikashi Linzbichler, Shelton Jolivette, Cheree Cassidy, Tatum Chiniquy, Angie Teodora Dick, Randy Charach, Eliza D\'Souza, Lincoln Bevers, Will Jay, Natasha Hardegen, Dennis James Martin, Kenneth Won, AnnMarie Giaquinto, Jaroslav Shvets'),(27,'Tim Heidecker, Gregg Turkington, Terri Parks, Curtis Webster, Don Pecchia, Manuel Giusti, Ndidi Amadi, Sarah Sherman, Corey Landis, Michael Diliberto, Joe Estevez, James Mane Jr., Melinda McColgan, Jesse Popp, Mark Proksch'),(28,'Baby Norman, J Michael Grey, R.C. Sayyah, Stephanie Stevens, James Edward Thomas, Ann Marie Gideon, Katrina Rarick, Jason Will Gaglione, Tony Folden, Montrel Miller, Jenny Hall, Darien Johnson, Candi VandiZandi, Nathan T. Evans, Haji Abdullah'),(29,'Gabriel Chytry, Elizabeth Vermilyea, Sam Kazzi, Theodore Bouloukos, Brian David Tracy, Bridgid Abrams, Leo DeFriend, Jordan Kaplan, Danny Bellini, Ryan Jennifer Jones, Gore Abrams, Jared Hacker, Joe Bandelli, Scott Richey, Olivia Roldan'),(30,'Chiyuki Kanazawa'),(31,'Kirk Hammett, James Hetfield, Metallica, Robert Trujillo, Lars Ulrich'),(32,'Aaron Perilo, Toni Torres, Brian Kimmet, Benjamin J. Cain Jr., Catherine Chiarelli, Sean Corvelle, Alex D\'Lerma, Brian T. Finney, Kaili Hollister, Malena Hougen, Brandon James, Matt Mann, Justin Meloni, Molly O\'Neill, Johnny Santiago'),(33,'Timothy Simons, Rebel Wilson, Douggie McMeekin, Ashley McGuire, Casper Christensen, Eloise Lovell Anderson, Philip Desmeules, Ingrid Oliver, Jarreau Antoine, Anne Hathaway, Nicholas Woodeson, Celine Abrahams, Raffaello Degruttola, Alex Gaumond, Guy Warren-Thomas'),(34,'Robert De Niro, Al Pacino, Jesse Plemons, Anna Paquin, Joe Pesci, Stephen Graham, Bobby Cannavale, Harvey Keitel, Jack Huston, Kathrine Narducci, Domenick Lombardozzi, Dascha Polanco, Aleksa Palladino, Ray Romano, Steven Van Zandt'),(35,'Kevin Costner, Milo Ventimiglia, Jackie Minns, Marcus Hondro, Ian Lake, Andres Joseph, Gary Cole, Donald Heng, Peter Ciuffa, Matthew Kevin Anderson, Amanda Seyfried, Kathy Baker, Martin Donovan, Reva Dexter, Kasia Machelak'),(36,'Ben Affleck, Oscar Isaac, Charlie Hunnam, Garrett Hedlund, Pedro Pascal, Adria Arjona, Jeovanny Rodriguez, Juan Camilo Castillo, Reynaldo Gallegos, Madeline \'Maddy\' Wary, Johan Ochoa, Francisco Martinez, Pablo Cesar Sanchez, Kevin Vasquez, Jose Rodriguez'),(37,'Kaitlyn Dever, Beanie Feldstein, Jessica Williams, Jason Sudeikis, Lisa Kudrow, Will Forte, Victoria Ruesga, Mason Gooding, Skyler Gisondo, Diana Silvers, Molly Gordon, Billie Lourd, Eduardo Franco, Nico Hiraga, Austin Crute'),(38,'Joe Manganiello, Sofía Vergara, Dominik Garcia, Denis O\'Hare, Burt Young, Michael Rispoli, Vincent Pastore, James Madio, Dominic Pace, Yancey Arias, Robbie DeRaffele, Michael Maize, Maria Di Angelis, Savvy Crawford, Joseph Gian'),(39,'Adam Sandler, Jennifer Aniston, Luke Evans, Terence Stamp, Gemma Arterton, David Walliams, Dany Boon, John Kani, Adeel Akhtar, Ólafur Darri Ólafsson, Luis Gerardo Méndez, Shioli Kutsuna, Erik Griffin, Sufe Bradshaw, Jackie Sandler'),(40,'Max Martini, Omari Hardwick, Lily Rabe, Robert Patrick, Elisabeth Röhm, Dermot Mulroney, Gary Sinise, JoBeth Williams, Luis Bordonada, Leo Martini, Holt McCallany, Georgina Lightning, Martin Palmer, Christopher Hagen, Jay DeMarcus'),(41,'Micah Fitzgerald, Anzu Lawson, Mark Sivertsen, Keenan Johnston, Landall Goolsby, Jackie Nova, Andrew Miller, Caroline Redekopp, Richard Ryan, Rich Paul, Thomas R. Baker, Summer Still, Daniel Joo, Jesse Janzen, Scott duPont'),(42,'Kevin Costner, Woody Harrelson, Kathy Bates, John Carroll Lynch, Thomas Mann, Dean Denton, Kim Dickens, William Sadler, W. Earl Brown, David Furr, Jason Davis, Josh Caras, David Born, Brian F. Durkin, Kaley Wheless'),(43,'Joey King, Will Ferrell, Seth Rogen, James Franco, Megan Fox, Danny McBride, Dave Franco, Craig Robinson, Thomas Ian Nicholas, Jacki Weaver, Horatio Sanz, Kevin Makely, Mia Serafino, Thaila Ayala, Cynthia Murell'),(44,'Isabela Merced, Shameik Moore, Odeya Rush, Liv Hewson, Mitchell Hope, Kiernan Shipka, Matthew Noszka, Jacob Batalon, Miles Robbins, Joan Cusack, Anna Akana, Genevieve DeGraves, Rebecca Ablack, Christina de la Cruz, Briar Nolet'),(45,'Tom Hanks, Tim Allen, Annie Potts, Tony Hale, Keegan-Michael Key, Madeleine McGraw, Christina Hendricks, Jordan Peele, Keanu Reeves, Ally Maki, Jay Hernandez, Lori Alan, Joan Cusack, Bonnie Hunt, Kristen Schaal'),(46,'Alvaro Manrique, Danny Trejo, Steven Bauer, Oscar Torre, Camila Banus, Lilla Labanc, Bailey Estevan, Ivonne Coll, Jilon VanOver, Yeniffer Behrens, Jack Guzman, Giovanni Bejarano, Danny Pardo, Brent Gutierrez, William Corkery'),(47,'Charlize Theron, Seth Rogen, June Diane Raphael, O\'Shea Jackson Jr., Ravi Patel, Bob Odenkirk, Andy Serkis, Randall Park, Tristan D. Lalla, Alexander Skarsgård, Aladeen Tawfeek, Nathan Morris, Wanya Morris, Shawn Stockman, Isla Dowling'),(48,'Tania Raymonde, Jan Uddin, Raza Jaffrey, Patti LuPone, Christopher Plummer, Kevin Corrigan, Billy Zane, Dino Kelly, Jamie Ward, Simon Kassianides, Costas Mandylor, Ruth Gemmell, Raquel Cassidy, Ivan Kaye, Carlo Rota'),(49,'Chris Hemsworth, Tessa Thompson, Kumail Nanjiani, Rebecca Ferguson, Rafe Spall, Emma Thompson, Liam Neeson, Laurent Bourgeois, Larry Bourgeois, Kayvan Novak, Spencer Wilding, Marcy Harriell, Inny Clemons, Aaron Serotsky, Mandeiya Flory'),(50,'Korrina Rico, William Wayne, Jon Jacobs, David Proval, John Capodice, Charlotte Lewis, John Aprea, Jane Crawley, Melissa Mars, Jennifer Field, Josh Kloss, Cheri Moon, Claire Sinclair, EmRey, Ariel Archuleta'),(51,'Billy Crudup, Cate Blanchett, Claudia Doumit, Judy Greer, Kristen Wiig, Megan Mullally, Laurence Fishburne, Steve Zahn, Troian Bellisario, Zoe Chao, Jóhannes Haukur Jóhannesson, Kate Burton, James Urbaniak, Lana Young, Kate Easton'),(52,'Sid Haig, Joe Estevez, Robert Z\'Dar, Fiona Domenica, Brenda Whitehead, Siarra T. Mong, Katrina Wolf Hill, Jesse C. Boyd, Adam Budron, Joette Waters, Danny Glenn, Walt Sloan, James Barbee, Brian Barber, Emma Blyth'),(53,'Rebel Wilson, Liam Hemsworth, Adam Devine, Priyanka Chopra, Betty Gilpin, Brandon Scott Jones, Jennifer Saunders, Alex Kis, Jay Oakerson, Rao Rampilla, Marcus Choi, Hugh Sheridan, Luciano Acuna Jr., Ray Anthony Thomas, Zach Cherry'),(54,'Lily Collins, Zac Efron, Angela Sarafyan, Sydney Vollmer, Macie Carmosino, Ava Inman, Morgan Pyle, James Hetfield, Richard K. Jones, Justin Inman, Grace Victoria Cox, Alan B. Jones, Jeffrey Donovan, Maya Berlinger, Derek Snow'),(55,'Arthur Diennet, Marcel Diennet, Bill Watterson, Megan Hensley, Patricia Balderrama, Aleksandra Kaniak, Jason Stuart, Ari Zagaris, Julia Ogilvie, Dyan Kane, Koby Azarly, Carl Ciarfalio, Jade De Jaham, Sam Dissanayake, Eric Etebari'),(56,'Jason London, Jenna von Oÿ, Christa Beth Campbell, Sark Asadourian, Mary Alfred Thoma, Sophie Harris, Jay Dee Walters, Mike Keith, Valerie Jane Parker, Hudson Pregont, Aaron Munoz, Avary Anderson, Susannah Devereux, Kaiden Scott, Noah Scott'),(57,'Gene Snisky, Jeff Swanton, Jim Roof, Ernest O\'Donnell, Meg Carriero, Catherine Corcoran, Katie Walsh, Sam Anoai, Joel Ruda, Anthony Edward Curry, Brittany Ineson, Robert Waldron, Heidi Bird Kellers, Hannah Heckman, Michael Ashley McKeever'),(58,'Morena Baccarin, Melissa Rauch, Martin Freeman, Jake Lacy, Shannon Woodward, Jane Curtin, Jackie Seiden, Adam Shapiro, Ellis Rubin, dL Sams, Alex Perez, Jason Altman, Ed Herbstman, Ravi Cabot-Conyers, Tyler Bourke'),(59,'Joseph Sikora, Michael Ealy, Jesse Williams, Karla Souza, Nicole Beharie, Ritchie Coster, Guy Burnet, William Tokarsky, Kevin L. Johnson, Michael Aaron Milligan, Ninja N. Devoe, Patti Schellhaas, Desmond Phillips, Michael Panes, Adam Fristoe'),(60,'Frank Grillo, Marguerite Moreau, James Badge Dale, Luke Grimes, Robert Taylor, Brady Smith, Andrea Frankle, Rob Mello, David Cade, David Maldonado, Jeff Pope, Flanagan John, Scott Peat, Tony Scott, Corey Thouviner'),(61,'Brenton Thwaites, Ted Levine, Alycia Debnam-Carey, Claire Holt, Francesca Eastwood, Gerald McRaney, Ben Robson, Michael Malarkey, Peter Michael Goetz, Lynne Ashe, Izzy G., Cotton Yancey, Carleigh Johnston, Silas Cooper, Bowen Hoover'),(62,'Andrew Steel, Kirby Bliss Blanton, Tom Sizemore, Danny Trejo, Frank Whaley, Julian Curtis, Robert Pine, Fay Masterson, Steven Michael Quezada, Bruce Davison, Jason Gerhardt, Dale Dickey, Kym Jackson, Chris Day, Larry Wilcox'),(63,'Margaret Qualley, Anthony Mackie, Danny Huston, Tom Payne, Emma Fitzgerald, Justin Jamieson'),(64,'Nicholas Hoult, Al Bollands, Kallum Tolkien, Craig Roberts, Harry Gilby, Colm Meaney, Laura Donnelly, Guillermo Bedward, Nia Gwynne, Pam Ferris, Adrian Schiller, Albie Marber, Ty Tennant, Adam Bregman, Tony Nash'),(65,'Tina Louise, Stephen Baldwin, Burt Young, Joseph D\'Onofrio, Genoveva Rossi, Josie Gallina, Faron Salisbury, Anthony Laciura, Tina Tanzer, Penny Balfour, Judy San Roman, Richard Ryker, Anthony Aquilino, Alan Bendich, Samantha Rivers Cole'),(66,'Meg Foster, Stephanie Hernandez, Patrick Flanagan, Robert Paget, Laz Martino, Peter Aratari, William Alexander, Jesse Ramos, Giordan Diaz, Denise M. Kelone, Kara Viciedo, Troy Dovey, Sylvie Sterlin, Rachel Hemming, Michael Koch'),(67,'Donna Mills, Beverly Todd, Jamie Brewer, Paul Guilfoyle, Riker Lynch, Isabella Blake-Thomas, Carlos Carrasco, Elina Madison, Danny Pardo, Julia Vera, Oscar Torre, Janel Tanna, Adwin Brown, Scott Engrotti, Ellen Gerstein'),(68,'Violett Beane, Elle LaMont, A. Michael Baldwin, Peggy Schott, Johnny Walter, Dalton E. Gray, Aaron Spivey-Sorrells, Emily Grace Dunn, Noé de la Garza, Kaylee King, Stephen Latham, Sarah Joy Byington, Mike Dell, Samantha Frank, Damaso Torres'),(69,'Danny Glover, Michelle Joyner, Scarlett Sperduto, Nicole Ehinger, Tony D. Head, Francesca Ruscio, Leopold Manswell, Brandon McKinnie, Ricky Flowers Jr., Joi Starr, Shaylin Becton, Chelsea Lee Williams, Stephanie Almeida, Norman Outlaw, Aven Courtney'),(70,'Terry Serpico, Mark Ashworth, Kevin Sizemore, Clint James, Drew Starkey, Erin Elizabeth Burns, Alpha Trivette, Francine Locke, Elizabeth Houston, Annie Thrash, Owen Vaccaro, Tuesday Beebe, Vanley Boro, Shelby Tsuhlares, Patrick Lemon'),(71,'Alexandra Bokova, Phillip Andre Botello, Megan Therese Rippey, Drew Moore, Jessica Honor Carleton, Eryn Rea, Meggan Kaiser, Cara Bamford, Amber Gaston, Shani Drake, Burt Culver, Caroline Dunaway, E. Shepherd Stevenson, Ashley Cordelia, Michelle Gallagher'),(72,'Drew Seeley, Randy Wayne, Isaac C. Singleton Jr., Willie Raysor, Sean Stone, Trish Cook, Christian Fortune, Jason Van Eman, Tank Jones, Sherry Morris, Rusty Martin Sr., Matthew Ziff, Cactus Moser, Dave Blamy, Dakota Lee'),(73,'Einar Kuusk, Aouatefe Lahmani, Cody Heuer, Rosine Young, Rebecca Ramon'),(74,'Katrina Bowden, Claire Holt, Matilda Anna Ingrid Lutz, Will Brittain, Mark Famiglietti, Tom Wright, Lane Garrison, Thomas Cocquerel, Todd Lasance, James DuMont, Max Silvestri, Gerald McCullouch, Rushi Kota, Zoe Myers, Lindsay Ayliffe'),(75,'Ellen Greene, Miko Hughes, Jordan Ladd, Nia Peeples, Rya Kihlstedt, Jason Connery, Joe Lando, Tait Fletcher, Ellen Travolta, Robbie Rist, Barry Van Dyke, Omar Gooding, Dan Haggerty, Jillian Armenante, Aimee Graham'),(76,'Eric Roberts, Melissa Kunnap, Brian Ashton Smith, Madeline Tesh, Jeff Ryan Alexander, Mary McGahren, Blaque Fowler, James Blankenfeld, Tamara Hopkins, Miles Rice, Toni Staniewicz, Casey Winn, Jason Winn'),(77,'Andy Garcia, Dianna Agron, James Frain, Bar Paly, Justin Bartha, Patrick Bauchau, Johnny Pemberton, José Zúñiga, Jay Karnes, D.W. Moffett, Gabrielle Haugh, Logan Polish, Catherine Lidstone, Mark Polish, Cody Callahan'),(78,'Oakes Fegley, Ansel Elgort, Nicole Kidman, Jeffrey Wright, Luke Wilson, Sarah Paulson, Willa Fitzgerald, Aneurin Barnard, Finn Wolfhard, Ashleigh Cummings, Aimee Laurence, Robert Joy, Boyd Gaines, Carly Connors, Luke Kleintank'),(79,'Rachael Hevrin, Grace Powell, Ella Taylor, Kristin McKenzie Rice, Jordyne Visser, Deborah Kay Hooker, Kaylee King, Tori Carew, Alyssa Copley, Robert Hooker, Alexandra Mauro, Jack Emmell, Joshua Briscoe, Tommy Gunz, Peyton Gant'),(80,'Sarah Schreiber, Clayton Nemrow, Jessica Lynn Parsons, Ken Gamble, Jayne Marin, Kevin Ging, Ed Robinson, Jerry Bornstein, Nathan Douglas'),(81,'Eden Brolin, Justiin A. Davis, Eric Nelsen, Ross Wellinger, Vanessa Rubio, Rosa Arredondo, Joseph Melendez, Timothy Hughes, Karmine Alers, Gail Herendeen, Chester Jones III, Margaret Laurena Kemp, Sabrina Leba, S. Lue McWilliams, Gerald McCullouch'),(82,'Camille Keaton, Jamie Bernadette, Maria Olsen, Jim Tavaré, Jonathan Peacy, Jeremy Ferdman, Holgie Forrester, Roy Allen III, Alexandra Kenworthy, Terry Zarchi, Tammy Zarchi, Adam Cerro, Andrea Nelson, Ben Whalen, Phil Galaras'),(83,'Rowan Blanchard, Nadine Velazquez, Mary Lynn Rajskub, David DeLuise, Sal Landi, Landry Bender, Carmen Blanchard, Frank Lawrence Catania, David Steen, Nathaniel J. Potvin, Daniel Jenks, Shane Blanchard, Riley Jackson, Samantha Bowden, Genghis Khan N. Enrique'),(84,'Josephine Langford, Hero Fiennes Tiffin, Khadijha Red Thunder, Dylan Arnold, Shane Paul McGhie, Samuel Larsen, Inanna Sarkis, Selma Blair, Pia Mia, Swen Temmel, Meadow Williams, Peter Gallagher, Jennifer Beals, Michael Hull, Sarah Jorge León'),(85,'Robert Downey Jr., Chris Evans, Mark Ruffalo, Chris Hemsworth, Scarlett Johansson, Jeremy Renner, Don Cheadle, Paul Rudd, Benedict Cumberbatch, Chadwick Boseman, Brie Larson, Tom Holland, Karen Gillan, Zoe Saldana, Evangeline Lilly'),(86,'Lauren \'Lolo\' Spencer, Chris Galust, Maxim Stoyanov, Darya Ekamasova, Zoya Makhlina, Dorothy Reynolds, Sheryl Sims-Daniels, Steve Wolski, Michelle Caspar, Ben Derfel, Josette Daniels, John Day, Atavia Gold Star, Jehonathan Guzman, Shawn Jolly'),(87,'Sam Worthington, Lily Rabe, Lucy Capri, Adjoa Andoh, Stephen Tobolowsky, Lauren Cochrane, Shane Dean, Chris Sigurdson, Chad Bruce, Gabriel Daniels, Stephanie Sy, Marina Stephenson Kerr, Dorothy Carroll, Erik Athavale, Natalie Malaika'),(88,'Jimmie Fails, Jonathan Majors, Rob Morgan, Tichina Arnold, Mike Epps, Finn Wittrock, Danny Glover, Willie Hen, Jamal Trulove, Antoine Redus, Isiain Lalime, Jordan Gomes, Maximilienne Ewalt, Michael O\'Brien, Daewon Song'),(89,'Shia LaBeouf, Dakota Johnson, Zack Gottsagen, John Hawkes, Thomas Haden Church, Bruce Dern, Jon Bernthal, Yelawolf, Jake Roberts, Mick Foley, Raquel Aurora, Michael Berthold, Deja Dee, Wayne Dehart, Karen B. Greer'),(90,'Parker Smerek, Remington Gielniak, Arielle Olkhovsky, Brandon Matthew Layne, Maria Wasikowski, Debra Harrison-Lowe, Melissa O\'Brien, Jake Rotger, Emmanuelle Turco'),(91,'Drew McAnany, Bo Youngblood, Shanley Caswell, Brooke Lewis Bellas, Rome Flynn, John Ierardi, Jeff Dye, Matt Schulte, Rebecca Vinagro, Ashley Platz, Jermaine Alverez Martin, Afton Boggiano, Jeremie Fiore, Marc S. Gordon, Alexis Iacono'),(92,'Samuel L. Jackson, Jessie T. Usher, Richard Roundtree, Regina Hall, Alexandra Shipp, Matt Lauria, Titus Welliver, Method Man, Isaach De Bankolé, Avan Jogia, Luna Lauren Velez, Robbie Jones, Aaron Dominguez, Ian Casselberry, Almeera Jiwa'),(93,'Kristen Bell, Jonathan Groff, Evan Rachel Wood, Jason Ritter, Idina Menzel, Sterling K. Brown, Alan Tudyk, Josh Gad, Rachel Matthews, Jeremy Sisto, Ciarán Hinds, Martha Plimpton, Santino Fontana, Alfred Molina, Mattea Conforti'),(94,'Scottie Thompson, David Krumholtz, Bridget Moynahan, Devon Werkheiser, Luke Kleintank, Thomas Jane, Josh Hopkins, Emma Ishta, Alex Morf, Shiloh Verrico, James Andrew O\'Connor, Faron Salisbury, Gregg Bello, Alex Perez, Bernard David Jones'),(95,'Mira Sorvino, Kristoffer Polaha, Doug Jones, Aaron Farb, Ser\'Darius Blain, Christopher Backus, Christopher Masterson, Tommy Kijas, Kee Seymore, Marla Adams, Cassidy Barnes, Randall Barnett, Lili Bordán, Damarr Calhoun, Ashlyn Jade Lopez'),(96,'Megan Fox, Olivia Thirlby, Alan Ritchson, Maria Dizzia, Jim Gaffigan, David Johansen, Justine Cotsonas, Pawel Szajda, Tito Ortiz, Fina Strazza, Owen Campbell, Lou Martini Jr., Adam Lindo, Taylor Selé, Allison Winn'),(97,'Cynthia Erivo, Leslie Odom Jr., Joe Alwyn, Clarke Peters, Vanessa Bell Calloway, Omar J. Dorsey, Henry Hunter Hall, Tim Guinee, Nick Basta, Joseph Lee Anderson, Antonio J Bell, CJ McBath, Alexis Louder, Aria Brooks, Janelle Monáe'),(98,'Natalie Portman, Jon Hamm, Zazie Beetz, Dan Stevens, Pearl Amanda Dickson, Ellen Burstyn, Colman Domingo, Jeremiah Birkett, Jeffrey Donovan, Tig Notaro, Stella Edwards, Arlo Mertz, Tobias Schönleitner, Diana DeLaCruz, Cali DiCapo'),(99,'Shannon Tarbet, Aidan Turner, Benjamin Walker, Matthew Broderick, Chloë Sevigny, Mark Blum, Jason Fuchs, Kabby Borders, Stormy Ezra Bear Whitebloom, Katrina Lenk, Phillip Kerr, Barbara Andres, Grant MacDermott, Rudy Mungaray, Ralph Cashen'),(100,'Brian Letscher, Tyson Turrou, David Christian Welborn, Melissa Paladino, Brenda Davidson, Keith Stevenson, Neil McGowan, Stephen Tobolowsky, Khary Payton, Michael Monks, Denise Dowse, Matt Riedy, Will Greenberg, Rob Kerkovich, Renato Biribin Jr.'),(101,'Andrew Lawrence, Alexandra Rodriguez, Matthew Lawrence, DeRon Brigdon, Lily Berlina, Ty Bonneville, Treavor Boykin, Andrew Lee Creech, Ben Davis, Tony Doupe, David Drummond, Brian Fortuna, Erwin Galan, Tim Gouran, Drew Hobson'),(102,'Taraji P. Henson, Sam Rockwell, Babou Ceesay, Anne Heche, Wes Bentley, Nick Searcy, Bruce McGill, John Gallagher Jr., Nicholas Logan, Gilbert Glenn Brown, Caitlin Mehner, Dolan Wilson, Morgan Mackey, Kendall Ryan Sanders, Chris Cavalier'),(103,'Eric Roberts, Lorynn York, Darrin Dewitt Henson, Kevin Sizemore, Adam Minarovich, Kenny Barr, J Randall, Lunden De\'Leon, Rebekah Stought, Bradford Haynes, Brooke Jaye Taylor, Dixie Light, Scott Pryor, Daniel Williams-Lopez, Lawrence Gilligan'),(104,'François Arnaud, Reiko Aylesworth, Charlotte Schweiger, Stelio Savante, Godfrey, Chloe Brooks, Rebecca Watson, Brian Reddy, Jamie Jackson, Wally Dunn, Samuel Smith, Lori Hammel, Kathleen M. Darcy, Sarah Taylor, Danny Bolero'),(105,'Linda Cardellini, Roman Christou, Jaynee-Lynne Kinchen, Raymond Cruz, Marisol Ramirez, Patricia Velasquez, Sean Patrick Thomas, Tony Amendola, Irene Keng, Oliver Alexander, Aiden Lewandowski, Paul Rodriguez, John Marshall Jones, Ricardo Mamood-Vega, Jaydan Valdivia'),(106,'Jake Schur, Leila George, Chris Pratt, Dane DeHaan, Ethan Hawke, Charlie Chappell, Clint Obenchain, Chris Bylsma, Chad Dashnaw, Ben Dickey, Tait Fletcher, Hawk D\'Onofrio, Diana Navarrete, Samantha Zajarias, Vincent D\'Onofrio'),(107,'Kristen Stewart, Naomi Scott, Ella Balinska, Elizabeth Banks, Patrick Stewart, Djimon Hounsou, Sam Claflin, Jonathan Tucker, Nat Faxon, Chris Pang, Luis Gerardo Méndez, Noah Centineo, David Schütter, Hannah Hoekstra, Jane Chirwa'),(108,'Alec Baldwin, Salma Hayek, Jim Gaffigan, Joe Manganiello, Treat Williams, Michelle Veintimilla, Natalia Cigliuti, Colin Quinn, Eddie Schweighardt, Jeremy Shinder, Ben Platt, Olivia Luccardi, JoJo Kushner, Sasha Mitchell, Aasif Mandvi'),(109,'Itziar Martinez, Dennis Mencia, Raul Walder, Sean Ormond, Josephine Phoenix, Natalie Blackman, Omara Garcia, René Mena, Mario Nalini'),(110,'Julia Faye West, Denise Richards, Mike Tyson, Kate Orsini, John Witherspoon, Charles Fleischer, Loren Lester, Candace Kita, Greg Lindsay, Shelli Boone, John R. Colley, Ben Begley, Steve Brock, Yves Bright, Travis Eberhard'),(111,'Allison Dunbar, Blythe Auffarth, Malea Rose, Lorynn York, Maya Stojan, Vedette Lim, Jonathan Goldstein, John Patrick Jordan, Anthony Napoli, Gerald Downey, Cheryl Francis Harrington, Aria Sirvaitis, Mary Gillis, Kevin Rock, Bryan McGowan'),(112,'Lynn Collins, Rigo Sanchez, Josue Aguirre, James Tupper, Roberto \'Sanz\' Sanchez, Thomas Chavira, Nicholas Gonzalez, Edy Ganem, Andrew Burlinson, David Castro, Isaac Alisma, Sean Dillingham, Firas Lutfi, Dwayne Standridge'),(113,'Weston Lee Ball, Mike Schaeffer, Anthony Martinez, Lydia Revelos, Kimberly Kalember, Jazmine Pierce, Julian Rayray, Jeff Wentzel, Andy St. Fleur, Katie Oliver'),(114,'Anna Kendrick, Shirley MacLaine, Bill Hader, Kingsley Ben-Adir, Julie Hagerty, Billy Eichner, Maceo Smedley, Diana Maria Riva, Anthony Konechny, Michael Gross, Billy Griffith, Aliza Vellani, Amitai Marmorstein, Ron Funches, Gary Sekhon'),(115,'Camila Mendes, Adriana Barraza, Charlie Weber, Neil Sandilands, Raquel Gavia, Antonio López-Valero, Manny Perez, Luisina Quarleri, Ru Benjamin Revolver, Tyler Silva, Andres Velez'),(116,'Charlotte Beckett, Lindsay Lohan, Gianni Capaldi, Dominik Madani, Reynald Bialès, Barry Jay Minoff, Kristoffel Verdonck, John Flanders, Peter Organ, Daniel Hugh Kelly, Jean-Michel Vovk, Olivier Bonjour, Olivier Englebert, Gaelle Gillis, Sulaiman Rochemont'),(117,'Joel Courtney, Calum Worthy, Andi Matichak, Katherine McNamara, Cam Gigandet, Mason McNulty, Terry Dale Parks, Vito Viscuso, Jennifer Pierce Mathus, Kevin Remington, Tonetta Weaver, Amye Gousset, Kyler Porche, Megan Fay, Byron Hughes'),(118,'Vivica A. Fox, Daniel Baldwin, Stink Fisher, Devanny Pinn, Vernon Wells, Antoine Lanier, John T. Woods, Jason McNeil, Mu-Shaka Benson, Brandyn T. Williams, Jason John Beebe, Olivia Baseman, Tom DiNardo, Serena Lorien, Amanda Mikhail'),(119,'Dennis Haskins, Bella Shepard, T.J. Storm, Keyna Reynolds, Terri Partyka, Harley Wallen, Jesi Jensen, Michael James Alexander, Jimmie Chiappelli, Calhoun Koenig, Kaiti Wallen, Rose Anne Nepa, Joe Piazza, Angelina Danielle Cama, Dennis Marin'),(120,'Will Yun Lee, Jermaine Love, Rory Markham, Bertrand-Xavier Corbi, Katie Keene, Fernando Chien, Chris Mulkey, Gina DeCesare, Michael Blalock, Mike McKee, Essam Ferris, Stephen Lang, Linnea Wilson, Marwan Naji, Hamzah Saman'),(121,'Charlie Shotwell, Kelly Reilly, Max Martini, Lili Taylor, Sadie Sink, Deneen Tyler, Katia Gomez, Austin Foxx, Kailia Posey, Parker Lovein, Lou Beatty Jr., Jared Bankens, Nathaniel Woolsey, Mitchell de Rubira'),(122,'Shannon Hutchinson, Vito Trigo, Jasmina Parent, Johnathan Newport, Yael Haskal, Brian K. Landis, Irene Santiago, Mark Ashworth, Lilly Nelson, Jeffrey Alan Solomon, Conrad Cotterman, Jack Rouse, Jean Louise O\'Sullivan, Dietrich Teschner, Bernadette Sayre'),(123,'Tom Sizemore, Tara Westwood, Greg Gastelum, Kherington Payne, Michael Peter Harrison, Jae Head, Diana Lu, Lauren Compton, Boyd Kestner, Cooper Gillespie, Masha Malinina, Moriah Solgan, Ana Maria Estrada'),(124,'Alex Wolff, Skyler Gisondo, Mike Epps, Stefania LaVie Owen, Camrus Johnson, Eric Tabach, Olivia Boreham-Wing, Tommy Nelson, Giullian Yao Gioiello, Quincy Chad, Paula Rossman, Taylor Dawn Brauer, Alice Lussiana Parente, Paul Skye Lehrman, Jennie Eps'),(125,'Stephanie Pearson, Hope Quattrocki, Liz Fenning, Arielle Hader, Mike Starr, Aily Kei, Tanya Alexander, Andi Rene Christensen, Joshua D. Lewis, Mariko Van Kampen, Stefanie Woodburn, Abraham Justice, Ben Sharpe, Kayla Hagstrom, Santiago Fierro'),(126,'Jax Menez Atwell, DeJean Brown, Maryam Cné, Mackenzie Coffman, Matthew Coleman, Drue Schaefer Crookston, Mike Dolphy, Kellen Garner, Eli Godfrey, David Alan Graf, Cristobal Hernandez, Chris Labadie, Will Leon, Calion Maston, Dorée Seay'),(127,'Constance Wu, Jennifer Lopez, Julia Stiles, Mette Towley, Wai Ching Ho, Emma Batiz, Vanessa Aspillaga, Jay Oakerson, Trace Lysette, Marcy Richardson, Keke Palmer, Mercedes Ruehl, Lili Reinhart, G-Eazy, Cardi B'),(128,'Armand Assante, Louis Mandylor, Ravshana Kurkova, Igor Jijikine, Roselbell Rafferr, Mensur Safqiu, Yuriy Kutsenko, Ivan Makarevich, Radoslav Parvanov, Sonny Puzikas, Besart Kallaku, Marco Balsamo, Issa Zaroui, Salim Zaroui, Salsano Rrapi'),(129,'Robert Rusler, Columbus Short, Scott Elrod, Jaqueline Fleming, Stephen Farrelly, Cotton Yancey, Aspen Kennedy Wilson, Genesis Martin, Teo Ciltia, Michael Randall, Curtis Nichouls, Jackson Rowden, Andre Devin, Jay R. Unger, Phillip C. Washington'),(130,'Helen Mirren, Ian McKellen, Russell Tovey, Jim Carter, Mark Lewis Jones, Laurie Davidson, Phil Dunster, Lucian Msamati, Jóhannes Haukur Jóhannesson, Tunji Kasim, Spike White, Stella Stocker, Daniel Betts, Nell Williams, Celine Buckens'),(131,'Alfre Woodard, Wendell Pierce, Michael O\'Neill, Aldis Hodge, LaMonica Garrett, Richard Schiff, Vernee Watson, Danielle Brooks, Noshir Dalal, Debbie Pollack, Dennis Haskins, Michelle C. Bonilla, Richard Gunn, Anahi Bustillos, Alma Martinez'),(132,'Jared Bankens, Katherine Hughes, Giles Matthey, Dylan McNamara, Sonoya Mizuno, Jordan Salmon, Kyanna Simone Simpson, Deneen Tyler'),(133,'Chloe Bridges, Amanda Cerny, Nick Swardson, Mikaela Hoover, Logan Paul, Kevin Heffernan, Brittany Furlan, Nick Bateman, David Dobrik, Lorynn York, Andrew Bachelor, Arielle Vandenberg, Jake Brennan, Jake Paul, Erik Griffin'),(134,'Natascha Hopkins, Robert Wagner, Nathalia Castellon, Julia Farino, Nick Denbeigh, Thai Edwards, Kiersten Hall, Essam Ferris, Tamra Dae, Janey Bolina, John Ross Clark, Kylie Rae, Jill Rudison, Marcus Natividad, Alton Demore'),(135,'Summer Spiro, Corbin Bernsen, Gabrielle Stone, Brennan Murray, Kuali\'i Wittman, Kevin Makely, Adrienne Barbeau'),(136,'Yancy Butler, Justin Deas, Colleen Zenk, Suzi Lorraine, Len Annucci, John Bernieri, Lisa Brevogal, Lisa Marie Brevogel, Scott Churchson, Kristian Comer, Oriana D\'Agostino, Ken Del Vecchio, Stephanie Dobson, Buddy Fitzpatrick, Joe Gawalis'),(137,'Logan Miller, Kristine Froseth, Jolene Anderson, Jerrica Lai, Phodiso Dintwe, Anthony Jensen, Jody Mortara, Vela Cluff, Joey Adanalian, Nathan Healy'),(138,'Adam Sandler, Julia Fox, Kevin Garnett, The Weeknd, Idina Menzel, Jonathan Aranbayev, Jacob Igielski, Noa Fisher, Paloma Elsesser, LaKeith Stanfield, Eric Bogosian, Keith Williams Richards, Tommy Kominik, Louis Anthony Arias, Sean Ringgold'),(139,'Bob Saget, Rob Corddry, Mary Lynn Rajskub, Cheri Oteri, Peri Gilpin, Max Burkholder, Clara Mamet, David Hull, Jonny Weston, James Preston Rogers, Lyriq Bent, Dave Foley, Kevin Pollak, Cathy Ladman, Joshua Turek'),(140,'Axle McCoy, Tyler Jade Nixon, Travis McCoy, DeVaughn Gow, LaVaughan Hamilton, Alexis Louder, Tim Ogletree, Maya Simmons, Quddus Newton, Derek Nixon, Jordan Pedreira, Tomii Culmer, Barry Askham, Chris Prator, Erin Reign'),(141,'Melissa McCarthy, Tiffany Haddish, Elisabeth Moss, Domhnall Gleeson, James Badge Dale, Brian d\'Arcy James, Jeremy Bobb, Margo Martindale, Bill Camp, Common, E.J. Bonilla, Myk Watford, Wayne Duvall, Pamela Dunlap, John Sharian'),(142,'Nicholas Winand, Kyle Abraham, Scott Thompson, Paul Askedall, Hannah Pimentel, Hashim Gari, Blaiden D. Cordle, Greg Winand, Thomas Betthauser'),(143,'Gary Oldman, Emily Mortimer, Manuel Garcia-Rulfo, Stefanie Scott, Chloe Perrin, Owen Teague, Jennifer Esposito, Douglas Urbanski, Claire Byrne, Michael Landes, Natalie Jean, Griffin Hood, Kathryn Kelly'),(144,'Spencer Locke, Missi Pyle, Bailey Chase, Alyvia Alyn Lind, Mitchell Hoog, Amber Tassel, Raleigh Cain, Bob Jesser, Lorri Oliver, Kenneth Miller, Matt Medrano, Kathleen Rose Perkins, Catharine E. Jones, David DeLao, Sherri Shepherd'),(145,'Gary Oldman, Antonio Banderas, AJ Meijer, Arsenio Castellanos, Lucy Morningstar, Meryl Streep, James Cromwell, Jeff Michalski, Jane Morris, Robert Patrick, Chris McLaughlin, Jay Paulson, Melissa Rauch, Juliet Donenfeld, Brock Brenner'),(146,'Devin Brooke, Zach Kanner, Blake Berlin, Ariel Barber, Tommy Rudd Fleming'),(147,'John Goodman, Ashton Sanders, Jonathan Majors, Vera Farmiga, Kevin Dunn, James Ransone, Alan Ruck, Madeline Brewer, Machine Gun Kelly, Kevin J. O\'Connor, Ben Daniels, Caitlin Ewald, Lawrence Grimm, Guy Van Swearingen, Elena Marisa Flores'),(148,'Tom Everett Scott, Tituss Burgess, Julian Feder, Rachel Boston, Rhea Seehorn, Julie Ann Emery, Beth Riesgraf, Arden Myrin, Bryan Batt, Joyce Bulifant, Ray Abruzzo, Andrew Bowen, Michael McHale, Rico E. Anderson, Nathan Arenas'),(149,'T.I., Mike Epps, Loretta Devine, Queen Latifah, Teyana Taylor, Meagan Tandy, Joel Rush, Mila J., Stephen Bishop, Kelly \'K. Dubb\' Walker, Lil Duval, D.C. Young Fly, Big Boi, 21 Savage, Bruce Bruce'),(150,'Rumer Willis, Emma Dumont, Kelly Blatz, Katie Keene, Brandon Arthur Jones, Rick Clark, James Harper, Jack Segal, Che Cunanan, Paul Tompkins, Merritt Gardner, Warren Ray, Pattie Crawford, Aaron Hill, Tony Yates'),(151,'Patrick Fabian, Angela Kinsey, Colin Ford, Darlene Vogel, Gary Hudson, Timothy Simons, Nicholas Cutro, Arianna Ortiz, Ellie Bamber, Chris Warren, Christine Ko, Paul Iacono, Danielle Macdonald, Tanner Stine, Dileep Rao'),(152,'Karli Hall, Amanda Kathleen Ward, Sascha Ghafoor, Chelsea D. Miller, Jake Ferree, Matthew Peschio, Alex Rinehart, Schuyler Brumley, Louie Chapman, MacLeod Andrews'),(153,'Tao Okamoto, Haruka Abe, Kihiro, Kentez Asaka, Mercedes Maxwell, Marcus Johnson, Haruna Ayane, Mickey Curtis, Noriko Arai, Rajia Baroudi, Ichi Omiya, Marissa, Nana Ninomiya, Makato Takeuchi, Parker Ishigami'),(154,'Dane Cook, Levi Miller, Udo Kier, Claire van der Boom, Sebastian Sozzi, James Kwong, Eileen Abarrca, Tacey Adams, Christina Blevins, Leah Briese, Jessica Bues, Al Coronel, Mason Davis, Christian Degraff, Jennifer Delaeo'),(155,'Mekhi Phifer, Elika Portnoy, Brad Dourif, Ruben Santiago-Hudson, Kerry Cahill, Jared Bankens, Anthony Barbier, Candi Brooks, Jeff Grays, Brian Matney, Rob Mello, Mike R. Moreau, Rey Reynaud, Terence Rosemore, Toney Chapman Steele'),(156,'Travis Fimmel, Lily Rabe, William Fichtner, Rachael Taylor, Forest Whitaker, Jake Weary, Rhys Coiro, John Finn, Louis Lombardi, Molly McQueen, Ric Reitz, Tess Malis Kincaid, Kenny Barr, Jill Jane Clements, Kelly Johns'),(157,'Chloe Lukasiak, Timothy E. Goodwin, Will Steckman, Gary Lee Vincent, Kera O\'Bryon, Emily Lapisardi, Jessica Shannon, Shelby Brunn, Deven Bromme, Michael Sigler, Gant Montgomery, Iris S Moy Bautista, Leona Worcester, Mark Shrader, Gabrielle Valladares'),(158,'Jason Mewes, Kevin Smith, Gina Carano, Jaime Camil, Vinnie Jones, Danny Trejo, Mickey Gooch Jr., Stan Lee, Brian O\'Halloran, Teri Hatcher, Esther Anderson, David Dastmalchian, Blake Harrison, Matt Willis, Dean Cain'),(159,'Anna Pniowsky, Casey Affleck, Tom Bower, Elisabeth Moss, Hrothgar Mathews, Timothy Webber, Thelonius Serrell-Freed, Jesse James Pierce, Tommy Clarke, Lloyd Cunningham, Kory Grim, Michael Ching, Dee Jay Jackson, Patrick Keating, Sydnee Parker Anderson'),(160,'Helen Hunt, Jon Tenney, Judah Lewis, Owen Teague, Libe Barer, Gregory Alan Williams, Allison Gabriel King, Erika Alexander, Jennifer Grace, Adam Kern, Riley Caya, Sam Trammell, Nicole Forester, John Newberg, Teri Clark'),(161,'Chiwetel Ejiofor, John Oliver, James Earl Jones, John Kani, Alfre Woodard, JD McCrary, Shahadi Wright Joseph, Penny Johnson Jerald, Keegan-Michael Key, Eric André, Florence Kasumba, Seth Rogen, Billy Eichner, Amy Sedaris, Chance the Rapper'),(162,'Emma Thompson, Mindy Kaling, John Lithgow, Hugh Dancy, Reid Scott, Denis O\'Hare, Max Casella, Paul Walter Hauser, John Early, Jia Patel, Luke Slattery, Ike Barinholtz, Marc Kudisch, Amy Ryan, Megalyn Echikunwoke'),(163,'Will Smith, Mena Massoud, Naomi Scott, Marwan Kenzari, Navid Negahban, Nasim Pedrad, Billy Magnussen, Jordan A. Nash, Taliyah Blair, Aubrey Lin, Amir Boutrous, Numan Acar, Omari Bernard, Nathaniel Ellul, Sebastien Torkia'),(164,'Sammi Hanratty, Elisabeth Harnois, Cinthya Carmona, Gideon Adlon, Megan McGown, Angélica Celaya, Erica Ash, Gail Bean, Nick Gracer, Stefanée Martin, Jay Hieron, David Grant Wright, Iyana Halley, Zoe McLane, Nicole Lovince'),(165,'Keanu Reeves, Halle Berry, Ian McShane, Laurence Fishburne, Mark Dacascos, Asia Kate Dillon, Lance Reddick, Tobias Segal, Anjelica Huston, Saïd Taghmaoui, Jerome Flynn, Randall Duk Kim, Margaret Daly, Robin Lord Taylor, Susan Blommaert'),(166,'Alfre Woodard, Bonnie Johnson, Jordan Nia Elizabeth, Acorye\' White, Blair Underwood, Michael Jones Sr., Marcus Henderson, LaTanya Richardson Jackson, Anthony Matheson, Katie Killacky, Taborah Johnson, Brian K. Landis, Ashlie Atkinson, Lindsley Register, Donald \'Spec\' Campen Jr.'),(167,'Laura Flannery, James Cavlo, Harry Hains, Clemmie Dugdale, Dendrie Taylor, Bryan Chesters, Jennifer Dorogi, Adam Lazarre-White, Nikita Ramsey, Jade Ramsey, Chris Crema, Lorenzo Antonucci, Tomoko Karina'),(168,'Gerard Butler, Frederick Schmidt, Danny Huston, Rocci Williams, Piper Perabo, Harry Ditson, Linda John-Pierre, Ori Pfeffer, Morgan Freeman, Jasmine Hyde, Ian Porter, Laurel Lefkow, Michael Landes, Mark Arnold, Kerry Shale'),(169,'Corbin Bernsen, Oksana Orlan, Kristina Pimenova, Lisa Goodman, Michael Robert Brandon, Alison Korman, Yefim Somin, Gregory O\'Gallagher, Keenan Johnston, John Paul Brandt, Clement Valentine, Kenneth G. Beaudin, Maryanne Nagel, Blake Brown, Guido Den Broeder'),(170,'Carl Weyant, Josh Perry, DJ Perry, Melissa Anschutz, David Gries, Brittany Risner, Christine Marie, Shane Hagedorn, Scott Allen Perry, Dean Teaster, Taymour Ghazi, Rance Howard, Hernel Aitken, Dexter Aspacio, Samuel Cervantes Jr.'),(171,'Niles Fitch, Matthew Modine, Adina Porter, Vanessa Williams, Amirah Vann, Uzo Aduba, Aunjanue Ellis, Samantha Sloyan, April Grace, Erik LaRay Harvey, Nadji Jeter, Kimberly Hebert Gregory, Suzanne Ford, Michael Bofshever, Jamaal Burcher'),(172,'P.J. Soles, Tony Todd, Courtney Gains, Pancho Moler, Caleb Thomas, Sky Elobar, Jaime Gallagher, Madison Russ, Matt O\'Neill, Nick Ford, Lovlee Carroll, Jimothy Beckholt, Justin Mabry, Robert Gerding, Cy Creamer'),(173,'Jennifer Pierce Mathus, David Rees Snell, CJ Jones, John-Michael Fisher, Katherine Forbes, Cassie Self, Elisabeth Bate, Levi Hudson, Carter Moore, Mark Landon Smith, Lauren Harper, Nikki Monney, Maggie Bradford, Mitchell Crisp'),(174,'Tom Sizemore, Dennis Haskins, Harley Wallen, Jesi Jensen, Calhoun Koenig, Colleen Gentry, Kaiti Wallen, Joel Paul Reisig, Brian Heintz, Joe Piazza, Angelina Danielle Cama, M.J. Harrell, Jessika Johnson, Dennis Marin, Julie Kline'),(175,'Karen Fukuhara, Christine Woods, Miyavi, Ross Partridge, Takayo Fischer, Saki Miata, Heather Alexander, Michael Alexander, Kerstin Alm, Bob Bancroft, Curtis Beard Jr., Cecilia Benevich, Katy Bentz, Brandon Brooks, Jamiah Brown'),(176,'Nicholas Alexander, Bobbi Salvör Menuez, Margaret Qualley, Leo Sheng, Chloë Levine, Colton Ryan, Maxton Miles Baeza, Dana Aliya Levinson, Alisha B. Woods, Jari Jones, Rachel Burkhardt, Katie Lynn Esswein, Gracie Lawrence, Haley Murphy, Ana Gasteyer'),(177,'Brody Wilkinson, Connor Wilkinson, Sydney Bell, Lee Booker, Will Brittain, Morgan Taylor Campbell, Christian Convery, Agam Darshi, Maria Dizzia, Krystle Dos Santos, Nikolas Dukic, Kevin Dzah, Finn Haney, Ellie Harvie, Stefania Indelicato'),(178,'Tom Holland, Samuel L. Jackson, Jake Gyllenhaal, Marisa Tomei, Jon Favreau, Zendaya, Jacob Batalon, Tony Revolori, Angourie Rice, Remy Hii, Martin Starr, J.B. Smoove, Jorge Lendeborg Jr., Cobie Smulders, Numan Acar'),(179,'Hugh Jackman, David Walliams, Stephen Fry, Matt Lucas, Zach Galifianakis, Timothy Olyphant, Zoe Saldana, Amrita Acharia, Ching Valdes-Aran, Emma Thompson, Humphrey Ker, Adam Godley, Neil Dickson, Ian Ruskin, Matthew Wolf'),(180,'Geraldine Viswanathan, Jack Kilmer, Gabriel Luna, Purbi Joshi, Azad Khan, Taylor Marie Blim, Anna Chlumsky, Charin Alvarez, Sam Straley, Sonny Bhatt, Ahmed Lucan, Alka Nayyar, Raven Whitley, Bianca Corral, Zayna Dib'),(181,'Brock Kelly, Sara Lindsey, Ava Comissiong, Courtney James Clark, Anna Jaller, Zachary Mooren, Jose Moreno Brooks, Chantal Raimondo, Shawn Carter Peterson, Charles Flexner, Chris Perfetti, Peter Moses, Bridget Peterson, Annabel Steven, Gabriel Ruiz'),(182,'Kelley Gates, Sean Hankinson, Cadden Jones, Wendy Jung, John Kutrzeba, Morgan McGuire, Cliff Miller, David Pegram, Melissa Roth, Adam Santos-Coy, Holly Chou, Sean Crespo, Emily Cannon-Brown, Bonnie Cannon-Brown, Danielle Beckmann'),(183,'Bill Skarsgård, Maika Monroe, Jeffrey Donovan, Kyra Sedgwick, Blake Baumgartner, Noah Robbins, Danny Johnson, Nikolas Kontomanolis'),(184,'Myles Clohessy, Gabriel Sloyer, Ramon O. Torres, Sheldon Best, Henry Ayres-Brown, Tyler Gardella, R. Ward Duffy, Byron Clohessy, Larry Owens, Marc Sinoway, Ian McQuillan-Grace, Sam Leicht, Sheilagh Weymouth, Tyler Whitaker, Alton Alburo'),(185,'J.K. Simmons, Tom Arnold, Lesley Ann Warren, Julie Ann Emery, Chris Bauer, Brian Dennehy, Amy Landecker, Jon Gries, David Koechner, Sam Trammell, Mike O\'Malley, Eric Edelstein, Mo Gaffney, Steele Stebbins, Joe Pacheco'),(186,'Delilah Cotto, Eileen Dietz, Cyn Dulay, Monica Engesser, Rosa Isela Frausto, Emanuel Gironi, Noel Gugliemi, Stephanie Kaczmarek, Katherine Munroe, Johnny Ortiz, Wilfredo Alex Palacios, Disco Rodriguez, Fernanda Romero, James Russo, Carl Washington'),(187,'Angus Macfadyen, Lou Ferrigno, Armando Gutierrez, Anna Hutchison, Madison McKinley, Arin Alldridge, Bret Jones, Sara Jones, Prince Fielder, Luís Moreira, Tim Preston, Ellen Evans, Valentina Novakovic, Adam Bond, Spike White'),(188,'Yara Shahidi, Anais Lee, Charles Melton, John Leguizamo, Gbenga Akinnagbe, Miriam A. Hyman, Jordan Williams, Jake Choi, Keong Sim, Cathy Shim, Shamika Cotton, Camrus Johnson, Hill Harper, Harry Chambarry, Tash Neal'),(189,'Haley Lu Richardson, Cole Sprouse, Moises Arias, Kimberly Hebert Gregory, Parminder Nagra, Claire Forlani, Emily Baldoni, Gary Weeks, Cynthia Evans, Brett Austin Johnson, Ariana Guerra, Sophia Bernard, Evangeline Hill, Ivy Dubreuil, Kristopher Perez'),(190,'Matt Damon, Ben Affleck, Chris Hemsworth, Melissa Benoist, Rosario Dawson, Shannon Elizabeth, Joe Manganiello, Kevin Smith, Val Kilmer, Justin Long, James Van Der Beek, Kate Micucci, Jason Lee, Joey Lauren Adams, Diedrich Bader'),(191,'Willow Shields, Meg DeLacy, Teddy Van Ee, Corey Brunish, Christopher Kozak, Lisa Skvarla, Elijah Stevenson, Rachelle Henry, Jennifer Lanier, Michael E. Bell, Ella DeVito, Brandie Sylfae, Brian Sutherland, Nathan Parrott, Sandra Doolittle'),(192,'Katie Stevens, Will Brittain, Lauryn Alisa McClain, Andrew Caldwell, Shazi Raja, Schuyler Helford, Phillip Johnson Richardson, Chaney Morrow, Justin Marxen, Terri Partyka, Justin Rose, Damian Maffei, Schuyler White, Samuel Hunt, Karra Rae Robinson'),(193,'Steven Strait, Addison Timlin, James D\'Arcy, Drew Van Acker, Mark Famiglietti, Ellen Michelle Monohan, Lisann Valentin, Hilary Barraford, Nicholas Baroudi, Martin Sprock, Zealand Tallman, Akaash Yadav, Mikaela Holmes, Justine J. Hall'),(194,'Kiersey Clemons, Emory Cohen, Hanna Mangan Lawrence, Andrew Crawford, Benedict Samuel'),(195,'Ashton Sanders, Margaret Qualley, Nick Robinson, KiKi Layne, Bill Camp, Sanaa Lathan, Elizabeth Marvel, David Alan Grier, Lamar Johnson, Jerod Haynes, Aaron Moten, Stephen McKinley Henderson, Barbara Sukowa, Judaea Brown, Jaedyn Lane'),(196,'Germain Arroyo, Candido Carter, Xingu Del Rosario, Gregory Gordon, Kevin Grady, Reek Ivan, Jared O\'Brien, Peyton Podgorski, Ethan Raikel, Ryan G. Roberts, Eileen Rogers, Frayne Rosanoff, Nick Rush, Elias Valles'),(197,'Macaulay Culkin, Rachel Bloom, Seth Green, Brenda Song, Rose Williams, Breckin Meyer, Clare Grant, Rob Paulsen, Randy Orton, Kedar Williams-Stirling, Andrea Romano, Rita Khori, Monib Abhat, Matt Cohen, Kenneth Won'),(198,'John Schneider, Luke Benjamin Bernard, Matthew Fahey, Mollee Gray, Tyron Woodley, Jeff Hardy, Uriah Hall, Amye Gousset, Michelle Feliciano, Robby Stahl, Mason Dixon, Liz Drummer, Benjamin Glossop, Selina Guerra, Kathleen Halbert'),(199,'Patrick Cavanaugh, Adam William Ward, Aaron Groben, James Babson, Lissa Lauria, Ronald Quigley, Lauren Francesca, Caitlin Zambito, Andrew Ramaglia, Alex Sol, Diane Franklin, Larry Hankin, Van White, Derek Alvarado, Nikki Baker'),(200,'Marc Menchaca, Erica Camarano, Kevin D. Benton, Lia Johnson, Michelle Macedo, Drew Fonteiro, Melissa Macedo, Tyler Fleming, Eleah Burman, Sara Harman, Andrea Leigh, Nikee Warren, Alison Linkov, Paul Megna, Maera Daniel Hagage'),(201,'Judd Nelson, Casper Van Dien, Brianne Davis, Griff Furst'),(202,'Daniel Keith, Kathy Searle, Tony Triano, James Patrick Nelson, Sybil Lines, Sheila Stasack, Roger Hendricks Simon, Jeremy Fernandez, Debargo Sanyal, Lawrence R. Leritz, Leon Morgan, Nathan Wallace, Bari Hyman, Franklin Kavaler, Scott Watson'),(203,'Lin Shaye, Oliver Rayon, Valeska Miller, Ryan Ochoa, Linda Cushma, Casey Nicholas Price, Tonya June Moore, Michael Harrelson, Jose Rosete, Justin Roberts, Trevor Stovall, Jule Johnson, Shondra Jepperson, Michael Lopez, Greg Joseph'),(204,'Sylvester Stallone, Dave Bautista, 50 Cent, Jin Zhang, Harry Shum Jr., Devon Sawa, Jaime King, Lydia Hull, Melise, Russell Wong, Daniel Bernhardt, Jeff Chase, Rob de Groot, Holland Herzfeld, Tyler Jon Olson'),(205,'Janet Montgomery, Chace Crawford, Kevin Zegers, Michele Weaver, Blue Kimble, Max Sheldon, Lola Bessis, Craig Castaldo, Juliette Labelle, Gabby Kono, Nicole Balsam, Melanie Blake Roth, Roy Jackson, Tyler Weaks, Ping Hue'),(206,'Sierra McCormick, Jake Horowitz, Gail Cronauer, Bruce Davis, Cheyenne Barton, Gregory Peyton, Mallorie Rodak, Mollie Milligan, Ingrid Fease, Brandon Stewart, Kirk Griffith, Nika Sage McKenna, Brett Brock, Pam Dougherty, Lynn Blackburn'),(207,'Alfred Molina, Storm Reid, David Oyelowo, Mykelti Williamson, Brian Tyree Henry, Byron Mann, Omar Leyva, Shinelle Azoroh, Daniel R. Lawson'),(208,'Dwayne Johnson, Jason Statham, Idris Elba, Vanessa Kirby, Helen Mirren, Eiza González, Eddie Marsan, Eliana Sua, Cliff Curtis, Lori Pelenise Tuisano, John Tui, Joshua Mauga, Joe Anoa\'i, Rob Delaney, Alex King'),(209,'Tim Higgins, Veronica Cartwright, Barry Bostwick, Mark Metcalf, Kara Mulrooney, Mark Borchardt, Matt Batta, Cecelia Condit, Judy Dondlinger, Ted Dulany, Jean Dvorak, Catherine Egger, Jenn Morris Fodden, Marce Leonard, Cynthia Lund'),(210,'Derek Davenport, Amelia Haberman, Shepsut Wilson, Titus Covington, Hayley Vrana, Michael C. Alvarez, Richard Lippert, Jay Alfonso Lopez Jr., Richard O. Ryan, Humberto Roman, Yai Bagat, Amber Thompson, Tim Davis, Eric Lettman, Ben Vazquez'),(211,'Theo Rossi, Clive Standen, Samira Wiley, Chazz Palminteri, Don Johnson, William Forsythe, Sean Ringgold, Chuck Zito, Vincent Pastore, Eric Lutes, Burt Young, Antonio Cupo, Dorothy Lyman, John Fiore, Ken Baltin'),(212,'Vincent Van Patten, Ross McCall, Paul Walter Hauser, Eileen Davidson, James Van Patten, Willie Garson, Lucas Bryant, Don Stark, John O\'Hurley, Chad Lowe, Jennifer Tilly, James Kyson, Danny Pardo, Christina Vidal, Joseph Siprut'),(213,'Barry Bostwick, Michael Jai White, Laila Odom, Jeff Daniel Phillips, Kayla Eva, Lindsay Lamb, Melanie Loren, Vince Swann, Gary Owen, Shiquita James, Affion Crockett, Isabelle Fretheim, Kiah Alexandria Clingman, Brandon Hirsch, Chloe James'),(214,'Lupita Nyong\'o, Winston Duke, Elisabeth Moss, Tim Heidecker, Shahadi Wright Joseph, Evan Alex, Yahya Abdul-Mateen II, Anna Diop, Cali Sheldon, Noelle Sheldon, Madison Curry, Ashley McKoy, Napiera Groves, Lon Gowan, Alan Frazier'),(215,'Tim Blake Nelson, Jacob Batalon, Ann Mahoney, Morgan Roberts, Brandon Stacy, Lucy Faust, Ankur Bhatt, Roy Blount Jr., Natalie Boyd, Kristin Daniel, Dave Davis, Criss Green, Jason Kirkpatrick, Sam Malone, Anthony Marble'),(216,'Robert Pike Daniel, Justin Taite, Rya Meyers, Irving Kashinsky, Ellen Humphreys, Will Gatlin, Jay Harik, Erik Hoffstad, Jarret Palmer, Alexander Roberts, Lee Trovillion, Farid Zarif'),(217,'Malin Akerman, Shea Whigham, Tony Hale, Kara Hayward, Liana Liberato, Adelaide Clemens, Jordana Spiro, Lucas Jade Zumann, Madisen Beaty, Natalie Canerday, J.D. Evermore, Tina Parker, Farah White, Brandon Stanley, Chris Dry'),(218,'Bruce Davison, Elizabeth Roberts, Denise Crosby, Arman Darbo, Chloe Perrin, Treva Etienne, Matty Cardarople, Eileen Dietz, Spencer Watson, Daniel Martin, David Baumgartner, Rafael Velasquez, Doua Moua, Van Ayasit, Rachel Pearre'),(219,'Nathan Stewart-Jarrett, Kelly Sry, Brian Huskey, Max Adler, David Arquette, Tonya Cornelisse, Clayton Rohner, Peggy Dunne, Marc Barnes, Angel Cardenas, Nash Carter, Annie Cruz, Alice Frost, Chance Guess, John Haegele'),(220,'René Mena, Mike C. Manning, Vannessa Vasquez, Linda Gray, Eric Roberts, Carmen Carrera, Carlos Pratts, Nika Khitrova, Julianna Barninger, Paris Dylan, Alex Gonzalez, Jyllina Skye, Lashawn Williams, Monica Herman, Cary Christopher'),(221,'Amber Benson, Kevin Chamberlin, Mat Devine, Mieko Hillman, Rahul Parikh, Andrew Adams, Michael Baszler, Nichole Eberle, Nadina Gerlach, Jeff Jeffers, J.T. Robinson, Liv Southard, Aly Wolff-Mills'),(222,'Michael Paré, Crystal Santos, Chanel Ryan, Vincent Rivera, Carlos Mendez, Michael Wainwright, Scott Engrotti, Larry Fleming, Raj Kala, Christopher Drummond, Elise Muller, Bernadette Perez, Jack Waggon, Wilfred Lopez, Thomas Longo'),(223,'Colby Stewart, Brandi Aguilar, Seth Chatfield, Ryan James Hilt, Cedric Jonathan, Makeda Kumasi, Jannica Olin, Johannes Grenzfurthner, Sarah Paterson, Sophia Cacciola, Brittnee Hollenbach, Lianne O\'Shea, Michael J. Epstein, Matt Stuertz, Jill Galbraith'),(224,'Rhianne Barreto, Charlie Plummer, Poorna Jagannathan, J.C. MacKenzie, Nicholas Galitzine, Lovie Simone, Danny Mastrogiorgio, Kimmy Choi, Darlene Cooke, Christian Corrao, Emily Debowski, Milcania Diaz-Rojas, Anthony Q. Farrell, Ayesha Mansur Gonsalves, Sydney Holmes'),(225,'Alana de Freitas, Jared Scott, Houston Rhines, Kelly Hancock, Carissa Dalton, Juli Cuccia, Gregory Gordon, Raul Nava, Byron James, Joseph Covino, Juan Magana, Matthias Chrans, Benjamin Levy Aguilar, Norma Burgess, Alexa Reddy'),(226,'Erik Heger, Wyatt Ralff, Jeremy Holm, Jennifer Mudge, Liam Obergfoll, James McMenamin, Lexi Collins, Matthew Lawler, Rick Zahn, Peterson Townsend, Charlie Hudson III, Chris Cafero, Jake Silbermann, Kenneth Lee Gonzalez, Vincent Pavonetti'),(227,'Jake Gyllenhaal, Rene Russo, Zawe Ashton, Tom Sturridge, Toni Collette, Natalia Dyer, Daveed Diggs, John Malkovich, Billy Magnussen, Alan Mandell, Mig Macario, Nitya Vidyasagar, Sedale Threatt Jr., Keith Bogart, Sofia Toufa'),(228,'Tyler Perry, Cassi Davis, Patrice Lovely, Mike Tyson, Ciera Payton, Kj Smith, Quin Walters, Aeriél Miranda, Jen Harper, Courtney Burrell, Rome Flynn, David Otunga, Derek Morgan, Aryeh-Or, Christianee Porter'),(229,'Marcel Ruiz, Topher Grace, Sarah Constible, Dennis Haysbert, Nancy Sorel, Miriam Smith, Victor Zinck Jr., Mike Colter, Chrissy Metz, Josh Lucas, Taylor Mosby, Ali Skovbye, Maddy Martin, Isaac Kragten, Nikolas Dukic'),(230,'Kelli Berglund, Jake Busey, Olivia Larsen, Royce Johnson, Joah Carmody, Maria Olsen, Zebedee Row, Shiloh Verrico, Nikki Blonsky, Joseph D\'Onofrio, Jason James Richter, Faye Giordano, Kylie Kiss, Grace Narducci, Jacqi Vene'),(231,'Brian Krause, Dane Rhodes, Manon Pages, Kate Tumanova, Jared Bankens, Thomas Francis Murphy, Scott Allen Perry, Lara Grice, Jared Antoline, Kurt DeVille, Don Yesso, Jerry Katz, Keegan Macy, Rhonda Johnson Dents, Jeff Pearson'),(232,'Margaret Ying Drake, MacLeod Andrews, Evan Dumouchel'),(233,'A.J. Cook, Josh Stewart, Agnes Bruckner, Wade Williams, Doug Bradley, Dorothy Lyman, David Selby, Eden Brolin, Ronnie Gene Blevins, Rebecca Gruss, Sloane Coombs, Mandy Simpson, Travis Teffner, Gant Montgomery, Lindsey Sites'),(234,'Jerry O\'Connell, Rebecca Romijn, Rainn Wilson, Patrick Fabian, Charles Halford, Cameron Monaghan, Cress Williams, Rosario Dawson, Nathan Fillion, Christopher Gorham, Shemar Moore, Nyambi Nyambi, Jason O\'Mara, Rocky Carroll, Trevor Devall'),(235,'Lisa Arcaro, Mara Darrow, Michael Kenneth Fahr, Scott Geiter, Randy Herman, Carla Horning, Jim Horning, Joseph Mazzaferro, Lisa Mcconnell, David E. McMahon, Lilian Moore, Kierney Nelson, George Petrick, Joseph Thomas'),(236,'Harvey Keitel, Liam McIntyre, Poppy Drayton, Oleg Taktarov, Larisa Malevannaya, Carles Puyol, Carla Abruzzo, Ionut Achivoaie, Virgil Aioanei, Boiangiu Alma, George Anthony Anisimow, Mihai Bisericanu, Oana Carmaciu, Corina Druc, Annalea Fiachi'),(237,'Emma Barrett, Kherrington Briggs, Mai Brunelle, Dominic Burgess, Nayah Damasen, Mark Dohner, Lauren Elizabeth, Lukas Gage, Carmina Garay, Mimi Gianopulos, Carl Gilliard, Mark Green, Aaron Hendry, Brian Kimmet, Richard Kohnke'),(238,'David Dastmalchian, Kevin Pollak, Curtis Edward Jackson, Esme Perez, Matthew Garry, Helen Joo Lee, Alejandro Raya, Cedric Young, Ilyssa Fradin, John Hoogenakker, Karin Anglin, Sammy A. Publes, Charin Alvarez, Sam Straley, Bryce Dannenberg'),(239,'Kaitlyn Dever, Walton Goggins, Olivia Colman, Thomas Mann, Jim Gaffigan, Alice Englert, Lewis Pullman, Annie Tedesco, Dominic Cancelliere, Bradley Gallo, Brooks Roseberry, Katherine DeBoer, Erik Andrews, Connor Daniel Lysholm, Catherine L. Albers'),(240,'Barry Bostwick, Jennifer Stone, Devon Werkheiser, McKayla Witt, Joshua Cody, Hank Stone, Cejei Jefferson, Tony Matteson Jr., Darcy Maxine Pierce, Tyler Clarke-Williams, Michael C. Kennedy, Kira Jackson, Kathleen Reed, Emily Foley, Rebecca Forrest'),(241,'Laura Marano, Vanessa Marano, Chris Tavarez, Giorgia Whigham, Michael Provost, Nathaniel Buzolic, Ken Jeong, Annie Jacob, Evan Castelloe, Whitney Goin, Jason Davis, London Summers, Ahmed Lucan, Jeffrey G. Hunt, Cameron Hunt'),(242,'Jesse Eisenberg, Alessandro Nivola, Imogen Poots, Steve Terada, Phillip Andre Botello, Caroline Amiguet, Apollo Bacala, Hauke Bahr, Jason Burkey, Justin Eaton, Dallas Edwards, Will Ellis Jr., Josh Fadem, John French, Darren Gaebel'),(243,'Jacob Tremblay, Keith L. Williams, Brady Noon, Molly Gordon, Midori Francis, Izaac Wang, Millie Davis, Josh Caras, Will Forte, Mariessa Portelance, Lil Rel Howery, Retta, Michaela Watkins, Christian Darrel Scott, Macie Juiles'),(244,'Wendell Pierce, Karen Kaia Livers, Dominique McClellan, Braelyn Kelly, Cynthia Capers, Emyri Crutchfield, Erika Woods'),(245,'Tara Kaye Burgh, Adam Stern-Rand, Marquis Wood'),(246,'Michael Roark, Trace Adkins, Ali Afshar, Allison Paige, Hunter Clowdus, Brando Eaton, Tony Panterra, Michael King, Taylor Kalupa, Anton Fair, David Villada, Josh Trovato, Kathleen Antonia, Andrew Bongiorno, Robert Chestnut'),(247,'Ali Wong, Randall Park, James Saito, Michelle Buteau, Vivian Bang, Keanu Reeves, Susan Park, Daniel Dae Kim, Karan Soni, Charlyne Yi, Lyrics Born, Casey Wilson, Miya Cech, Emerson Min, Ashley Liao'),(248,'Maddisyn Carter, Hailey Allen, Bryan Angel, Kevin Angel, Zach Paul Brown, Adam Celentano, Aubrey Chantelle, Travis Coles, Kali Cook, Emily Dalquist, Strange Dave, Victoria De Mare, Kelly Erin Decker, Derrick Denicola, Joe Flanders'),(249,'Naomie Harris, Frank Grillo, Mike Colter, Tyrese Gibson, Reid Scott, Nafessa Williams, Kenneth Kynt Bryan, Beau Knapp, Michael Papajohn, Deneen Tyler, James Moses Black, Nelson Bonilla, Frankie Smith, Sam Malone, Oscar Gale'),(250,'Famke Janssen, Nicolas Cage, Kevin Durand, LaMonica Garrett, Michael Imperioli, Tommy Walker, Rey Hernandez, John Lewis, Drake Shannon, Braulio Castillo hijo, Jaime Irizarry, Sewell Whitney, Joseph Oliveira, Jeremy Nazario, Brian Tester'),(251,'DJ Perry, Garry Nation, Melissa Anschutz, Dean Teaster, Curran Jacobs, Lauren LaStrada, Tim Abell, Don Most, Greg Mason, Anthony Hornus, David Michael Reardon, Walker Fairbanks, Jim Greulich, Sammy A. Publes, Shane Hagedorn'),(252,'Liam Hemsworth, Emory Cohen, Diane Guerrero, Zlatko Buric, Suraj Sharma, Nickola Shreli, Mike Moh, John Cenatiempo, Souleymane Sy Savane, Stivi Paskoski, Richie Ng, Reza Nader, Malik Bader, Julia Vasi, Coletrane Williams'),(253,'Jocelyn DeBoer, Dawn Luebbe, Beck Bennett, Neil Casey, Mary Holland, D\'Arcy Carden, Julian Hilliard, Janicza Bravo, Dot-Marie Jones, Asher Miles Fallica, Lauren Adams, John Milhiser, Santina Muha, Mike Scollins, Jim Cummings'),(254,'Brooks Ryan, Kyler Charles Beck, Jamie Loy, Thomas Rivas, David C Tam, Lucas Ross, Jake Washburn, Lisandro Boccacci, Laurie Cummings, Thatcher Ridings, Mya Hayes, C. Neil Davenport, Nick Swezey, Nash Thomas, Ben Hall'),(255,'Chevy Chase, Richard Dreyfuss, Andie MacDowell, Kate Micucci, Chris Parnell, George Wallace, Lewis Black, Richard Kind, Ron Clark, Kit Willesee, Chris Fleming, Allan Harvey, Jason Batchko, Alan Demovsky, James Galea'),(256,'Analeigh Tipton, Victoria Justice, Ella Hunt, Justin Chatwin, Lana Condor, Callan McAuliffe, Elena Kampouris, Ellar Coltrane, Hayden Szeto, Bill Milner, Ian Nelson, Melina Vidler, Travis Love, Khris Davis, Roberta Setzu'),(257,'Jaeden Martell, Keean Johnson, Shea Whigham, Alex Neustaedter, Daniel Zolghadri, Kristine Froseth, Mike Hodge, Michael David Baldwin, Nicholas Barasch, Danny Bolero, Khail Bryant, Teddy Coluca, Elisa de La Roche, Al Dubinsky, Sunny Edelman'),(258,'Vanessa Leigh, Ryan O\'Quinn, Christopher Atkins, Aaron Bennett, Chandra Bond, Taylor Cole, Nicole Criss, Katelyn Gault, Brianna Heller, David Thomas Jenkins'),(259,'Ema Horvath, Chris Milligan, Brittany Falardeau, Pfeifer Brown, Erika Miranda, Deandre Pierre, Jono Cota, Jener Dasilva, Dennis Hurley, Anthony Jensen, Lupe Cobian, Jonathan Worstein, Alan Crop, Amy Cooke, Rogelio Amesola'),(260,'Sam Adegoke, Edgar Blackmon, Anita Briem, John Brotherton, Jenn Brown, Christopher Matthew Cook, Alex Essoe, Travis Geske, Harvey B. Jackson, Dominique Jane, Rex Linn, John Mayer, Cole McKay, Gonzalo Menendez, Jared Morgan'),(261,'Kelton Jones, Alena Gerard, Tara Milante, Sophia Sparks, David J. Espinosa, Craig Ahrens, Alain Azoulay, Buzz Cuccia, Michael Hudson, Michelle Lisset, Albert Manfre, Deborah Ramaglia, Rikki Valentina'),(262,'Cody Renee Cameron, Christine Nguyen, Britney Amber, Cherie DeVille, Rebecca Love, Kleio Valentien, Danielle Evon Ploeger, Holly Reidenbach, Woody Almazan, Sarah Wyckoff, James W. Evermore, Robert Rowland, Chaz Taylor, Caitlin Sage-Ford, Travis Dunn'),(263,'Theo James, Emily Ratajkowski, Fred Melamed, Aris Alvarado, Fernanda Andrade, Tim Bader, Joe Bucaro III, Rod Chaouqi, Ray Ray Chase, Mia Cheung, Frank Clem, Taji Coleman, Tomer David, Davie-Blue, Frank Gallegos'),(264,'Jonathan Rhys Meyers, William Forsythe, Francesca Eastwood, Malik Yoba, James Austin Kerr, Chris Dry, Erin Elizabeth Cook, David C Tam, Gina D. Brewer, Kaye Brownlee-France, Ginger Gilmartin, Cheyenne Rose Martin, C. Neil Davenport, Nick Swezey, Jeremy Parr'),(265,'Larisa Oleynik, Richard Kind, Christine Donlon, Susan Blackwell, Christen Harper, Steven Robertson, Carrie Gibson, James C. Victor, Simone Policano, Chris Devlin, Tallulah Sheffield, Matt Hetherington, Katie Curri, Bahiyah Hibah, Benjamin Tanguay'),(266,'Tara Reid, Richard Grieco, Jessica Morris, Tania Fox, Sarah French, Aaron Groben, Ben Stobber, Sergio Rizzuto, Lainee Rhodes, Lukas Hassel, Robert Donavan, Nicholas George, Alex Rinehart, Sheila Krause, Dee Cutrone'),(267,'Naomi Watts, Octavia Spencer, Tim Roth, Kelvin Harrison Jr., Norbert Leo Butz, Andrea Bang, Marsha Stephanie Blake, Omar Shariff Brunson Jr., Noah Gaynor, Astro, Christopher Mann, Hannah Cabell, Colton Osorio, Ian Unterman, Souleymane Sy Savane'),(268,'Susan Diol, Albie Selznick, Jeremy Saville, Tiara Parker, Mara Hall, Slim Khezri, Kailena Mai, Lisa Christine Holmberg, Camille James Harman, Brad Banacka, Rae Latt, Alveraz Ricardez, Jamayla Gray, Carmen Molinari, Kiki Yeung'),(269,'Taraji P. Henson, Kristen Ledlow, Josh Brener, Kellan Lutz, Jason Jones, Mathias Alvarez, Chris Witaske, Max Greenfield, Paul Brian Johnson, Brian Bosworth, Kausar Mohammed, Richard Roundtree, Taj-Naranja Jenkines, Aldis Hodge, Auston Jon Moore'),(270,'Caleb Castille, Rose Reid, Kevin Sizemore, Gregory Alan Williams, Richard Kohnke, Gunnar Sizemore, Blake Burt, Katherine Smith-Rodden, Candace West, Greg Puckett, Phil Darius Wallace, Rebecca Lines, Sam Brooks, Ken Carpenter, Candace Kirkpatrick'),(271,'Maya Erskine, Jack Quaid, Ed Begley Jr., Alex Anfanger, Kiersten Armstrong, Jennifer Bartels, Jon Bass, Joe Bays, Emma Bell, Beck Bennett, Scarlett Bermingham, Jaxy Boyd, Christine Bullen, Rachelle Carson, Rosalind Chao'),(272,'Scarlett Johansson, Merritt Wever, Adam Driver, Laura Dern, Ray Liotta, Wallace Shawn, Alan Alda, Julie Hagerty, Kyle Bornheimer, Mark O\'Brien, Mickey Sumner, Matthew Maher, Azhy Robertson, Annie Hamilton, Ayden Mayeri'),(273,'Bill Moseley, Lin Shaye, Sofia Mattsson, Abbie Gayle, Ashley Hamilton, Tanyell Waivers, Ashton Leigh, Clyde Risley Jones, Thomas Francis Murphy, Michelle West, Alexander Biglane, Carol Sutton, David Kallaway, Kyler Porche, Yohance Myles'),(274,'Jillian Bell, Jennifer Dundas, Patch Darragh, Alice Lee, Erica Hernandez, Max Pava, Michaela Watkins, Adam Sietz, Dan Bittner, Mikey Day, Lil Rel Howery, Kate Arrington, Beth Malone, Micah Stock, Esteban Benito'),(275,'Vera VanGuard, Paul Logan, Amy Johnston, Kyle Clarke, Americus Abesamis, Jed Rowen, Jonathan Carroll, Jenna Sativa, Valerie Perez, Wizzard Elliott, Angelyne, Edward G. Negron'),(276,'Nicholas Ball, Michael McKell, Rachel Warren, Chloe Farnworth, Charlie Woodward, Alexis Rodney, Jessica Arterton, Emily Price'),(277,'Dave Bautista, Kumail Nanjiani, Mira Sorvino, Natalie Morales, Iko Uwais, Betty Gilpin, Karen Gillan, Jimmy Tatro, Steve Howey, Rene Moran, Amin Joseph, Christine Horn, Trevor Shand, Jared Logan, Kyle Zingler'),(278,'Madeleine Wade, Augie Duke, Michael Welch, Dave Sheridan, Mark Rolston, Dominique Swain, Jody Barton, Gordon Bressack, James Cullen Bressack, Sage Correa, Bella Crimson, Max Cutler, Braxton Davis, Sheri Davis, Ryan Francis'),(279,'Elizabeth Banks, David Denman, Jackson A. Dunn, Abraham Clinkscales, Christian Finlayson, Jennifer Holland, Emmie Hunter, Matt Jones, Meredith Hagner, Becky Wahlstrom, Terence Rosemore, Gregory Alan Williams, Elizabeth Becka, Annie Humphrey, Steve Agee'),(280,'Ritchie Montgomery, Miles Doleac, Sherri Eakin, Jeremy Sande, Creek Wilson, Lindsay Anne Williams, Cotton Yancey, Hollis Ellzey, Michael Randall, Wesley O\'Mary, Mindy Van Kuren, Ella Claire Bennett, Michael J. Bradford, Judyth Daley, Scott Bolster'),(281,'Eric Hanson, Cameron Arnett, Gerald Brodin, Ash Tholpady, Garry Nation, Jose Quinones, Dean Cain, Glenn Morshower, Les Miles, Brandi Price, Scott Petty, Mike T. Tremblay, Jason Sweatt, Erika Waldorf, Keith Rushing'),(282,'Aml Ameen, Rhea Seehorn, Roxanne McKee, Urs Rechn, Akshay Kumar, Tanya van Graan, Andre Jacobs, Sven Ruygrok, Brandon Auret, Bjorn Steinbach, Adrian Collins, Aubrey Shelton, Kevin Otto, Jessica Sutton, Deon Lotz'),(283,'Jeffrey Arrington, Mandy Baker, Thomas Brophy, Scott C. Brown, Forrest Campbell, Maeve Campbell, Lisa Carswell, James Chrosniak, Jeffrey Combs, Lisa Coronado, Jeff Bryan Davis, Charnie Dondrea, Natasha Duvall, Connor Fogarty, Meagan Karimi-Naser'),(284,'Nathan Wilson, David Selby, Kelly Erin Decker, Brittany Benjamin, Kathryn Leigh Scott, Matthew Anderson, Kevin Kunkel, Daryl Hrdlicka, Sierra Schermerhorn, Noah Gillett, Steve VanWesten, Lewis Langle, Cecily Fogarty, Kurt Schulz, Ken McCuen'),(285,'John Travolta, Devon Sawa, Ana Golja, Jacob Grodnik, James Paxton, Josh Richman, Jeff Chase, Luis Da Silva Jr., Jessica Uberuaga, Rene Michelle Aranda, Marta González Rodin, Leslie Sides, Theresa Ireland, Denny Mendez, Elle Matarazzo'),(286,'Emma Fassler, Caity Ware, Melissa Recalde, Brandon McShane, Peter Berube, Olivia Cristina Delgado, Britnie Banks, Laura Cheek'),(287,'Scottie Thompson, James Purefoy, Veronica Cartwright, Chad Lindberg, Richard Riehle, Peter Jacobson, Lew Temple, Gabriel Jarret, Rebekah Kennedy, Lauryn Canny, Mandela Van Peebles, Lucian Charles Collier, Anthony Skordi, Mike Ferguson, Andrew Elvis Miller'),(288,'Karina Fontes, Casey Adams, Emily Althaus, Miranda Bailey, Martin Spanjers, Matt Peters, Susan Burke, John Getz, Brodie Reed, John F. Beach, Ariana Campyloptera, Theresa Desautels, Ben Fee, Elsbeth Mumm'),(289,'David Call, Joshua Leonard, Alex Breaux, Ana Kayne, Maria Dizzia, Chloë Levine, Owen Campbell, Addison Timlin, Chris O\'Connor, Alice Barrett, Andrew Lasky, Jack Fessenden, James Tam, Zilong Zee, Noah Le Gros'),(290,'Jeff Kober, Unique Dowtin, Kipp Tribble, Nick Greco, Kurt Ela, Buddy Wilds'),(291,'K.J. Apa, Maia Mitchell, Norman Johnson Jr., Jacob Latimore, Wolfgang Novogratz, Sosie Bacon, Mario Revolori, Jacob McCarthy, Halston Sage, Tyler Posey, Gage Golightly, Nicole Forester, Audrey Grace Marshall, Valerie Jane Parker, Sameera Rock'),(292,'Avery Anthony, Mitchell Edwards'),(293,'Jake Choi, Crystal Lee, Mark Krenik, Octavio Pizano, Tiffany Chu, Alma Martinez, Waymond Lee, Bridget Wilmes, Courtney Bandeko, Alfredo Tavares, Tania Verafield, Inka Kytö, Heather Alexander, Virgo Phillips, Trinecia Moore-Pernell'),(294,'Billy Crudup, Michelle Williams, Julianne Moore, Abby Quinn, Will Chase, Azhy Robertson, Doris McCarthy, Alex Esola, Susan Blackwell, Eisa Davis, Alex Cranmer, Jeff Kim, Greta Quispe, Teea Loreal, Ron Simons'),(295,'Gabriel Bateman, Talitha Eliana Bateman, Mhairi Calvey, Gianni Capaldi, Will Carlson, Shane Coffey, Nick Farnell, Patrick Fugit, Criss Green, Jared Harris, Anna Hutchison, Emma Kenney, Brandon Lessard, Angus Macfadyen, Scott McCauley'),(296,'Tilda Cobham-Hervey, Josh Hutcherson, Suki Waterhouse, Harry Shum Jr., Shiloh Fernandez, Keith Leonard, Angel Valle Jr., John D. Hickman, Wayne Pyle, Winter-Lee Holland, Rob Figueroa, Doug Motel, James Devoti, Joe James, Malina Moye'),(297,'Christine Woods, Mark Duplass, Ray Romano, Jen Sung, Stephen Oyoung, Bjorn Johnson, Harry Dej, Sierra Fisk, Alana Carithers, Lu Junchang, Hiroo Minami, Sam Ly, Alexandra Billings, Kadeem Hardison, Dendrie Taylor'),(298,'Gina Rodriguez, LaKeith Stanfield, Brittany Snow, DeWanda Wise, Michelle Buteau, Rebecca Naomi Jones, Alex Moffat, Joe LoCicero, Peter Vack, Megan Haley, Ben Sidell, Jaboukie Young-White, Rosario Dawson, RuPaul, Kenneth De Abrew'),(299,'Ava Deluca-Verley, Brian J. O\'Donnell, Brandon Butler, Jordan McKinley-Hodges, Bella Shepard, Calhoun Koenig, Kayden Bryce, Javoun Baker, Yassie Hawkes, Lauren Carlini, Jesse Katch, Tyler Harding, Brian Heintz, Alan Longstreet, Nikki Fioretti'),(300,'Regina Hall, Issa Rae, Marsai Martin, Justin Hartley, Tracee Ellis Ross, Tone Bell, Mikey Day, JD McCrary, Tucker Meek, Thalia Tran, Marley Taylor, Eva Carlton, Luke James, Rachel Dratch, Christopher A. Martin'),(301,'Tessa Thompson, Justin Theroux, Sam Elliott, Ashley Jensen, Janelle Monáe, Benedict Wong, Clancy Brown, Nate \'Rocket\' Wonder, Roman GianArthur Irvin, James Bentley, Jentel Hawkins, Ara Storm O\'Keefe, Aemon Wolf O\'Keefe, Thomas Mann, Kiersey Clemons'),(302,'Keith Sutliff, Julien Cesario, Matthew Webb, Cheyenne Buchanan, Tom Conlan, Martin Copping, Stefanie Estes, Tien Pham, Demetrius Stear, Reine Swart'),(303,'Boyd Holbrook, Cleopatra Coleman, Bokeem Woodbine, Michael C. Hall, Rudi Dharmalingam, Al Maini, Quincy Kirkwood, Sarah Dugdale, Rachel Keller, Ryan Allen, Tony Nappo, Philippa Domville, Tony Craig, Gabrielle Graham, Julia Knope'),(304,'André Holland, Melvin Gregg, Eddie Tavares, Farah Bala, Skip Bayless, Shannon Sharpe, Joy Taylor, Zazie Beetz, Bill Duke, Zachary Quinto, Caleb McLaughlin, Bobbi A Bordley, Sonja Sohn, Kyle MacLachlan, Jeryl Prescott'),(305,'Sheri Moon Zombie, Bill Moseley, Sid Haig, Jeff Daniel Phillips, Richard Brake, Kevin Jackson, Tracey Leigh, Sylvia Jefferies, Emilio Rivera, Richard Edson, Pancho Moler, Dee Wallace, Stacie Greenwell, Anny Rosario, Matthew Willig'),(306,'Shia LaBeouf, Lucas Hedges, Noah Jupe, Byron Bowers, Laura San Giacomo, FKA Twigs, Natasha Lyonne, Maika Monroe, Clifton Collins Jr., Mario Ponce, Martin Starr, Haylee Sanchez, Giovanni Lopes, Dorian Brown Pham, Greta Jung'),(307,'Richard Riehle, Jessica Morris, Rachel Alig, Damien Puckler, Devanny Pinn, Aries Spears, Harry Hains, Skye Townsend, Paul Duke, Simeon Panda, Joaquin Garay III, Amor Sanchez, Freddie Webster III, Eli Michael Kaplan, Felix Martinsson'),(308,'Amy Poehler, Rachel Dratch, Ana Gasteyer, Maya Rudolph, Paula Pell, Emily Spivey, Jay Larson, Tina Fey, Maya Erskine, Rachel Hamilton, Brené Brown, Jon Glaser, Jason Schwartzman, Cherry Jones, Craig Cackowski'),(309,'Christopher Gorham, Natalie Medlock, Russell Dixon, Joe Folau, Ben Baker, Lina Clare, Colin Francis, Brenda Kendall, Ian Mune, Alipate Radrodro, Ateca Ravuvu, Asaeli Sinusetaki, Miriama Smith, Alex Tarrant, Nicole Whippy'),(310,'Alicia Vikander, Kiki Sukezane, Kenichi Masuda, Chiaki Kawamo, Ken Yamamura, Kazuhiro Muroyama, Naoki Kobayashi, Akiko Iwase, Yoshiko Sakuma, Naomi Urushibara, Jack Huston, Riley Keough, Tomoyasu Sakata, Shôzô Sasaki, Chiaki Yamamoto'),(311,'Jack Gore, Miya Cech, Benjamin Flores Jr., Alessio Scalzotto, Andrew Bachelor, Annabeth Gish, Scott MacArthur, Dean Jagger, Michael Beach, Lynn Collins, David Theune, Tony Cavalero, Carl McDowell, Punam Patel, Jason Rogel'),(312,'Alex Kendrick, Shari Rigby, Ben Davies, Priscilla C. Shirer, Elizabeth Becka, Holly A. Morris, Aryn Wright-Thompson, Kendrick Cross, Cameron Arnett, Bruce Marchiano, Karen Boles, Christian Gabriel Anderson, Jack Sterner, Elijah B. Moore, Myke Holmes'),(313,'Zachary Ray Sherman, Sally Kirkland, Timothy V. Murphy, Monique Parent, David Diaan, Hugo Armstrong, Albert Abraham, Travis Hammer, Jessica Jade Andres, Patrick Malone, Adam Elshar, Sevan Aliksanian, Cammie York, Don Woods, Fahad Olayan'),(314,'Zach Scheerer, Franziska Schissler, David Josh Lawrence, Nikolay Moss, Kelsey Johnson, Tyler Cole, Aramis Merlin, Michelle Alexandria, Kamy D. Bruder, Buzz Cuccia, Bianca Fletcher, Jordan Frechtman, Hannah Hagler, Will David Jorden, Dave Kirkpatrick'),(315,'Noah Centineo, Laura Marano, Odiseas Georgiadis, Camila Mendes, Matt Walsh, Joe Chrest, Carrie Lazar, Alexander Biglane, Blaine Kern III, Zak Steiner, Ty Parker, Wayne Pére, Rhonda Johnson Dents, Maureen Brennan, Autumn Walker'),(316,'Hugh Jackman, Allison Janney, Alex Wolff, Kathrine Narducci, Annaleigh Ashford, Ray Romano, Geraldine Viswanathan, Jimmy Tatro, Rafael Casal, Stephanie Kurtzuba, Ray Abruzzo, Welker White, Kayli Carter, Catherine Curtin, Pat Healy'),(317,'Chop Chop Chang, Fidel Castro, Mason Lazarcheff, Jack Allison, Chuck Barris, Frank DiMeglio, Doug Morgan, John F. Kennedy, Van Robichaux, Vera Drew, Malcolm X, Richard Nixon, Timothy Leary, Zedong Mao, Ronald Reagan'),(318,'Johnny \'Koolout\' Starks, Farrah Laurel Abraham, Alexandru Achindinov, Rosa Acosta, Annita Adamou, Stella Ademiluyi, Daniel Adomian, Avi Agarwal, Sarah Mae Agnew, Arielle Aguilar, Mara Aguilar, Christopher Akens, Dara Alawode, Mann Alfonso, John Allen'),(319,'Kate Arrington, Tim Hopper, Marika Engelhardt, Tony Fitzpatrick, James Vincent Meredith, Audrey Francis, Robert T. Cunningham, Ty Olwin, Raven Whitley, Marilyn Dodds Frank, Claire VanDerLinden, Alex Moss, Kayla Carter, Jalen Gilbert, Ireon Roach'),(320,'Vitaly Zdorovetskiy, Antonio Ramos, Simona Shyne, Timothy DeLaGhetto, Aryia, Aaron Schwartz, Kelsey Laverack, Kinsey Wolanski, Sole Bovelli, Devin Moore, Isabella Brenza, Denny Love, Ray J, Tommy \'Tiny\' Lister, Danny Trejo'),(321,'Adam Driver, Corey Stoll, Evander Duck Jr., Jon Hamm, Linda Powell, Annette Bening, Sandra Landers, John Rothman, Victor Slezak, Guy Boyd, Alexander Chaplin, Joanne Tucker, Maura Tierney, Michael C. Hall, Ian Blackman'),(322,'John-Paul Howard, Piper Curda, Jamison Jones, Azie Tesfai, Zarah Mahler, Kevin Bigley, Gabriela Quezada Bloomgarden, Richard Ellis, Blane Crockarell, Judah Abner Paul, Ja\'layah Washington, Amy Waller, Ross Kidder, Kasey Bell, Harry Burkey'),(323,'Brad Leland, Jim O\'Heir, Deanne Lauvin, Les Miles, Eric Nelsen, Fred Tolliver Jr., Tyler Perez, Sainty Nelsen, Chelly, Kristos Andrews, Daniel Covin, Ray Nicholas Hosack, Aaron N. Martin, Becky Nitschke, Celena Rae'),(324,'Sophia Lillis, Zoe Renee, Mackenzie Graham, Andrea Anders, Laura Wiggins, Sam Trammell, Linda Lavin, Andrew Matthew Welch, Jon Briddell, Jesse C. Boyd, Evan Castelloe, Josh Daugherty, Jay DeVon Johnson, Ayanna Wardlow, Jennifer Riker'),(325,'Amy Manson, Dominic Mafham, Luke Allen-Gale, James Weber Brown, Clayton Adams, Nina Bergman, Amer Chadha-Patel, Gavin Brocker, Chidi Ajufo, Hari Dhillon, Katrina Nare, Arkie Reece, Jemma Moore, Louis Mandylor, Gina Philips'),(326,'Amanda Crew, Robert Patrick, Hayley Marie Norman, Johnny Pemberton, Nancy Linehan Charles, AnnaLynne McCord, Ray Wise, Kim Delaney, Ronnie Gene Blevins, Tate Ellington, Ray Santiago, Nelson Franklin, Keisha Castle-Hughes, Pia Shah, Gigi Zumbado'),(327,'Vera Farmiga, Patrick Wilson, Mckenna Grace, Madison Iseman, Katie Sarife, Michael Cimino, Samara Lee, Kenzie Caplan, Sade Katarina, Michael Patrick McGill, Brittany Hoza, Sheila McKellan, Eddie J. Fernandez, Steve Coulter, Luca Luhan'),(328,'Clare Kramer, Mia Topalian, David Fumero, Heather McComb, Ron Melendez, Connor McRaith, Nahesi Crawford, Meredith Thomas, Tim Delano, Owen Saxon'),(329,'Hayley McLaughlin, Danika Yarosh, Dylan Walsh, Teri Polo, Bryce Durfee, Matt Passmore, Heather Mazur, Ashlyn Pearce, Boti Bliss, Natalie Bach, Carrie Gibson'),(330,'Jeremy Gardner, Brea Grant, Justin Benson, Ashley Song, Nicola Masciotra, Keith Arbuthnot, Henry Zebrowski'),(331,'Demi Moore, Ed Helms, Jessica Williams, Karan Soni, Isiah Whitlock Jr., Martha Kelly, Dan Bakkedahl, Calum Worthy, Jennifer Kim, Nasim Pedrad, Frank Bond, Wendy Meredith, Courtney Cunningham, LynNita Ellis, Chris Harding'),(332,'Sarah Hyland, Anna Camp, Jenna Dewan, Keith David, Wanda Sykes, Noureen DeWulf, Tyler James Williams, Matt Shively, Darlene Vogel, Grace Helbig, Camille Hyde, Nadia Dawn, Laci Mosley, Natasha Loring, Danielle Bux'),(333,'Jesse Howland, Conner Floyd, Rachel Clark-Spear, Sam Skolnik, Mario Lazaridis, Manuel Soro, Circus-Szalewski, Laura Liefer, Jessica M. Lopez, Alison Kafka, Christopher Burgart, Yunus Pashaliyev, Josue Osuna, Sam Roth, Alonzo'),(334,'Cooper Andrews, Kristina Arntz, Mackenzie Bateman, Bryan Batt, Eugenie Bondurant, Lauryn Canny, Lauren Ashley Carter, Donna Duplantier, Aubree Ann Dupree, Sabrina Gennarino, Allison Gobuzzi, Lauren Gobuzzi, Monika Guiberteau, Avalea Hammond, Steve Hammond'),(335,'Ryan Merriman, Jamie Tisdale, Myk Watford, Heather Langenkamp, Reinaldo Zavarce, Najarra Townsend, Lindsay Seim, Courtney Nightingale, Mitch Alioto, Nick Alioto, Ruby Alioto, Yan Birch, Samantha Boehlen, Travis DesLaurier, Jill Marie Hoffman'),(336,'Traci Lords, Eric D\'Agostino, Toneey Acevedo, Jacob Buckenmyer, Paris Dylan, Chris Boudreaux, Isaiah Lucas, Forrest Kiyoshi Hoffman, James Achille, Patrick J. Anderson, Kyle Ashton, Armstrong Ashton-Lewis, Evan Ayers, Armando Baca, Addyson Bell'),(337,'Marc Maron, Jon Bass, Michaela Watkins, Jillian Bell, Toby Huss, Dan Bakkedahl, Timothy Paul, Whitmer Thomas, Michael Patrick O\'Brien, Al Elliott, Lynn Shelton, Scotty Lee, Robert Longstreet, Elise Mayfield, Prasanna Avadhanula'),(338,'John O\'Hara, Rachel Lagen, Bobby Westrick, Antwoine Steele, Dilynn Fawn Harvey, Sierra Stodden, Linnea Quigley, Eileen Dietz, Joel D. Wynkoop, Jeanne Silver, Jeremy Todd, Millie Milan, Cayt Feinics, Douglas Epps, Nate Karny Cole'),(339,'Evan Daves, Jillian Mueller, Katelyn Pearce, Bill Phillips, Peter Reznikoff, Larry Saperstein, Glenn Stott, Robbie Tann'),(340,'Rebecca Romijn, Arden Myrin, Hayley Griffith, Ruby Modine, AJ Bowen, Jordan Ladd, Jeff Daniel Phillips, Jerry O\'Connell, Hannah Stocking, Whitney Moore, Michael Polish, Skeeta Jenkins, Maya Perkins, Mike E. Winfield, Jonas Lerway'),(341,'Rob Lowe, Kristin Davis, Fezile Mpela, John Owen Lowe, Colin Moss, Keeno Lee Hector, Thandi Puren, Waldemar Schultz, Hayley Owen, Lynita Crofford, Kgahliso Solomon, Tapiwa Musvosvi, Renate Stuurman, Faniswa Yisa, Chanelys Garcia Nyapisi'),(342,'Eddie Murphy, Keegan-Michael Key, Mike Epps, Craig Robinson, Tituss Burgess, Da\'Vine Joy Randolph, Kodi Smit-McPhee, Snoop Dogg, Ron Cephas Jones, Barry Shabaka Henley, T.I., Luenell, Tasha Smith, Wesley Snipes, Chris Rock'),(343,'Khalil Everage, Evan J Simpson, Ashley Jackson, Ahmad Nicholas Ferguson, Uzo Aduba, Megan Sousa, Jeremy Phillips, Ariana Burks, Skye Sparks, Anthony Anderson, Emayatzy Corinealdi, Malkia Stampley, Julian Williams, Paul Walter Hauser, Michael David Hammond'),(344,'Nicolas Cage, Anabelle Acosta, Ryan Kwanten, Enrico Colantoni, Angie Cepeda, Alimi Ballard, Jon Mack, Luna Baxter, Eddie Martinez, Pedro Calvo, Hector Alexander Gomez, Sara Elizabeth Avila, Yusuf Tangarife, Jhon Bedoya, Victoria Mosquera'),(345,'Beau Knapp, Luke Hemsworth, Jill Hennessy, Alexis Bledel, Kurt Russell, Vincent Kartheiser, Malaya Rivera Drew, Jeremie Harris, Marsha Dietlein, John D. Hickman, Zac Weinstein, Cat Alter, Annalé, Sean Cullen, Eric Davis'),(346,'Kristanna Loken, Olivia d\'Abo, Beth Broderick, Trevor Stines, Sloane Avery, Kendall Ryan Sanders, Andrew Matthew Welch, Autumn Dial, Gary Weeks, Abby Glover, Robert Pralgo, Steven A. Miller, Sam Irvin, Wren Barnes, John Newberg'),(347,'Betsy Beutler, Johnny Calabro, Robert Capelli Jr., Clark Carmichael, Natalie Cassell, Rebeka Choudhury, Julie Claire, Julia Collier, Berto Colon, Taylor Colwell, Curtiss Cook, Nick Cordero, Robbie DeRaffele, John Dinello, Dana Drori'),(348,'Shuzhen Zhao, Awkwafina, X Mayo, Hong Lu, Hong Lin, Tzi Ma, Diana Lin, Yang Xuejian, Becca Khalil, Yongbo Jiang, Han Chen, Aoi Mizuhara, Xiang Li, Hongli Liu, Shimin Zhang'),(349,'Taylor Russell, Kelvin Harrison Jr., Alexa Demie, Bill Wise, David Garelik, Justin R. Chan, Joshua Brockington, Krisha Fairchild, Renée Elise Goldsberry, Sterling K. Brown, Albert Link, Clifton Collins Jr., Vivi Pineda, Holland Hayes, Ruben E. A. Brown'),(350,'Richard Tyson, Scout Taylor-Compton, Billy Wirth, Yan Birch, Mel Novak, Erika Hoveland, Damien Chinappi, Kaiti Wallen, Angelina Danielle Cama, Harley Wallen, Shane Hagedorn, Ken Alter, Vida Ghaffari, Calhoun Koenig, Angela Roberts Johnson'),(351,'Chris Cavalier, Melissa Daddio, Sean Michael Gloria, Jason Henne, Rhyssa-Kathryn Marie, Jovanni Mazzaferro, Lisa Mcconnell, Madeleine Murphy, Kierney Nelson, Stephanie Town, Gail Yost'),(352,'Chadwick Boseman, J.K. Simmons, Sienna Miller, Taylor Kitsch, Keith David, Stephan James, Christian Isaiah, Michael Antonio, John Crann, Joseph D Fisher, Shawn Gonzalez, Louis Cancelmi, Joseph Anthony Cartagena, Johnny Christos, Andre Cherry'),(353,'Alexandra Daddario, Tyler Hoechlin, Kimiko Glenn, Laverne Cox, Sunita Mani, Judah Friedlander, Ashlyn Alessi, Sam Asghari, Bobby Tisdale, Kate Easton, David Ebert, Olga N. Bogdanova, Lexa Hayes, Chris LeMonda, Austin Ferris'),(354,'Scott Poythress, AJ Bowen, Susan Burke, Rowan Russell, John Marrott, Jocelin Donahue, Chris Sullivan, Aaron Larsen, Jack Vernon, Victoria Smith'),(355,'Eden Duncan-Smith, Dante Crichlow, Astro, Marsha Stephanie Blake, Johnathan Nieves, Michael J. Fox, Myra Lucretia Taylor, Wavyy Jonez, Rayshawn Richardson, Khail Bryant, Ejyp Johnson, Barrington Walters Jr., Muhammad Cunningham, Carlos Arce Jr., Rony Clanton'),(356,'Patrick Schwarzenegger, Miles Robbins, Sasha Lane, Mary Stuart Masterson, Hannah Marks, Andrew Ayala, Andrew Bridges, Katie Chang, Michael Cuomo, Griffin Robert Faulkner, Jamar Greene, Jacqueline Honulik, Chukwudi Iwuji, Faith Logan, Rosanne Ma'),(357,'Cathy Baron, Donny Boaz, Shawn Fitzgibbon, Owen Miller, Jason Alan Smith, Roy Souza, Dennis Staroselsky, Haley Webb'),(358,'Danny Trejo, Reno Wilson, Roxana Ortega, Hal Linden, Linda Gray, George Wendt, Margaret Avery, Julia Duffy, Barry Bostwick, Garrett Morris, James Hong, Alec Mapa, Anthony Gonzalez, Clint Howard, Mara Marini'),(359,'Chris Klein, Jon Lovitz, Chelsey Reist, Lochlyn Munro, Garfield Wilson, Elizabeth Bowen, Lisa Durupt, Chris Gauthier, Peter Graham-Gaudreau, Zachary Gulka, Benita Ha, Karen Holness, Liam Hughes, Yan-Kay Crystal Lowe, Lee Majdoub'),(360,'Elyes Gabel, Diane Guerrero, Kevin Conroy, Susan Eisenberg, George Newbern, Daniela Bobadilla, Kevin Michael Richardson, Noel Fisher, Peter Jessop, Tom Kenny, Matthew Yang King, Sumalee Montano, Philip Anthony-Rodriguez, Tara Strong, Bruce Timm'),(361,'Marie Avgeropoulos, Kimberly Brooks, Ray Chase, Rosario Dawson, Jeffrey Donovan, Michael Dorn, Mozhan Marnò, Adrienne C. Moore, Cree Summer, Courtenay Taylor, Nia Vardalos, Constance Zimmer'),(362,'Daniella Pineda, Austin Amelio, Elle LaMont, Lee Eddy, Miles Emmons, Janeane Garofalo, Sophianna Smith, Jamy Lentz, Elke Boucher-Depew, Dylan Gage, Rochelle Robinson, Jessie Tilton, Troy Anthony Hogan, Patrick Lescarbeau'),(363,'John Lithgow, Blythe Danner, Derek Cecil, Katie Aselton, Sophie Thatcher, Eve Harlow, Wendy Makkena, Isabelle Boni, Shawn M. Essler, Anthony Lafornara, Jeff Moon, Andrew Gonsalves, Ben Kruger, Naveen Havannavar, Danielle Smith'),(364,'Tom McLoughlin, C.J. Graham, Jason Brooks, Levy Menn, Jenny Porter, Caleb Ryden, Bri Patin, Kelly Tappan, Sanae Loutsis, Jon A. Ravenholt, Diana Prince, Dan Feldmeier, Steve Dash, Landon Scruggs Harrar, Julia Valenti'),(365,'Caylee Cowan, Travis Burns, Corbin Bernsen, Bonnie Burroughs, Erin Bethea, Jenn Gotzon Chandler, Randy Crowder, Dee Wallace, Alex Morris, Aaron D. Alexander, Joseph Nasser, Aitana Rinab, Connor McRaith, Dureyshevar, Jacob Kyle Young'),(366,'Lauren Amelia Arouni, Jabari Hollis, Deanna Thompson, Martin Pierre, Nyisha Bell, Aliyah Musa, Ryan J. Lewis, Jarrett Glover, Ebony Jodee, Aurora Harden, Jeral Clyde Jr., Mark Bolo Harris, David Jones, Donnell Dixon, Wilson Azer'),(367,'Anna Schlegel, Tony Jacksha, Nate Stoner, Alex Myerchin, Maxwell Esposito, Pete Zias, Michael Henry, Amanda DeSimone, Andrew Kudla'),(368,'Hannah Pearl Utt, Ayden Mayeri, Oona Yaffe, Jen Tullock, Mandy Patinkin, Ruibo Qian, Alec Baldwin, Stephanie Berry, Mason Alexander Park, Jorja Brown, Ben Becher, Mike Colter, Preston Christopher Lawrence, Linda Arroz, Mary Bolt'),(369,'Donald Glover, Rihanna, Letitia Wright, Nonso Anozie, Alan Jael Velázquez Abreu, Renny Arozarena, Betiza Bistmark Calderón, Michael Ricardo Crespo Cardenas, Barbara Janet Martinez, Ayensi Amilgar Jardines Delgado, Pedro Julio Diaz, Pedro Julio Díaz Ferran, Adrián Cisneros Flores, Talia Gómez, Victor Manuel Correa Magueira'),(370,'Alicia Ziegler, Maiara Walsh, Philip Boyd, Jack Krizmanich, Kate Gilligan, Kevin Joy, Patrick Finerty, Mary Elizabeth Boylan, Andrew Brian Carter, Jackie Falcon, Chet Grissom, Mitchell L. Johnson, Kyle Jordan, Frank Mercuri, Perry Smith'),(371,'Leo Ramsey, Devin McGregor Ketko, Timothy Lee DePriest, Jason Lasater, Jonny Sculls, Tyler Tackett, Jimbo Barnett, Sylvain Sylvain, Michael Jude Murphy, Socorro Jones, Robert Fleet, Kelly Erin Decker, Kevin Preston, Prima Donna, Juliette James'),(372,'Montana Roesch, Mike Capozzi, Sean Carrigan, Tyler Chase, Dominique Columbus, Adam Elshar, Trevor Lee Georgeson, Elaine Hendrix, Micah Howard, Claude Knowlton, Yosef Mahmood, Brie Mattson, Mary McNeill, Emmy Newman, Bryan Michael Nunez'),(373,'Ana de Armas, Chris Evans, Jamie Lee Curtis, Toni Collette, Daniel Craig, Don Johnson, Katherine Langford, LaKeith Stanfield, Michael Shannon, Edi Patterson, Christopher Plummer, Jaeden Martell, Riki Lindhome, Raúl Castillo, M. Emmet Walsh'),(374,'Christian Adam, Susan Blackwell, Alisha Boe, Donna Lynne Champlin, Natalia Dyer, Myles Evans, Gavrielle Anne Fontanilla, Zachary Forsythe, Gabriella Garcia, Riley Hough, Paige Hullett, Tre\'len Johnston, Matt Lewis, Wolfgang Novogratz, Francesca Reale'),(375,'Ethan Hawke, Chris Sullivan, Elaine Hendrix, Christopher Heyerdahl, Betty Gabriel, Anne-Marie Johnson, Chris Williams, Mo McRae, Diane Gaeta, Milauna Jackson, Nate Mooney, Dohn Norwood, Loni Love, Jorge Diaz, Juan Gabriel Pareja'),(376,'Marlon Wayans, Bresha Webb, Michael Ian Black, Glynn Turman, Debbi Morgan, Molly Shannon, Grace Junot, Robert Pralgo, Kiana Dancie, Jwaundace Candece, Staci Harris, Elliott Dixon, Lauren Boyd, Casey Hendershot, Scott Hunter'),(377,'Thomas Freeley, Bobbi Maxwell, Maria Petrano, Carmen Piroli, Kj Schrock, Martin Singer, Charlie Suntress, Evan Tramel, Chen Tsung, Jacob Whiteshed'),(378,'Kelly O\'Sullivan, Charin Alvarez, Braden Crothers, William Drain, Laura T. Fisher, Mary Beth Fisher, Meighan Gerachis, Francis Guinan, Max Lipchitz, Lily Mojekwu, Bradley Grant Smith, Jim True-Frost, H.B. Ward, Rebekah Ward, Roger Welp'),(379,'Jamie Dornan, Anthony Mackie, Ally Ioannides, Katie Aselton, Bill Oberst Jr., Shane Brady, Devyn A. Tyler, Aaron Groben, Betsy Holt, Martin Bats Bradford, Lawrence Turner, Sam Malone, Natasha Tina Liu, Mike R. Moreau, Divine Prince Ty Emmecca'),(380,'Martha Higareda, Omar Chaparro, Itatí Cantoral, Aarón Díaz, Mario Morán, Regina Pavón, Memo Dorantes, Karen Furlong, Carla Adell, Andrea Noli, Raquel Garza, Rocio Garcia, Fernanda Castillo, Mauricio Argüelles, El Cibernetico'),(381,'Adam Baldwin, Jeremy Sumpter, Jill Wagner, Jet Jurgensmeyer, Alexandria DeBerry, Randy Wayne, William Shockley, Tom Proctor, Danny Vinson, Rob Moran, Mark Jeffrey Miller, Roxzane T. Mims, Stefanie Butler, Tiffany Ann B., Jay Davis Clark'),(382,'Ashley Bratcher, Brooks Ryan, Robia Scott, Jared Lotz, Emma Elle Roberts, Robin DeMarco, Robert Thomason, Tina Toner, Sarah Hernandez, Maura Corsini, Lezl Gonzales, Kaiser Johnson, Andee Grace Burton, Alexander Kane, Stacey Bradshaw'),(383,'Chris Johnson, Jatone Smith, Jennifer Lafleur, Addy Stafford, Belmont Cameli, Stacia Crawford, Coburn Goss, Sam Guinan-Nyhart, Lorrisa Julianus, Cherish Lee, Jermaine McTizic, Kara Zediker'),(384,'C.M. Punk, Trieste Kelly Dunn, Sarah Brooks, Elissa Dowling, Karen Woditsch, Travis Delgado, Marshall Bean, Anish Jethmalani, Bishop Stevens, Tonya Kay, Eileah Pyrzynski'),(385,'Dora Madison, Tru Collins, Rhys Wakefield, Jeremy Gardner, Graham Skipper, Chris McKenna, Rachel Avery, Mark Beltzman, George Wendt, Abraham Benrubi, Jesse Merlin, Matt Mercer, Josh Ethier, Jackson Birnbaum, Susan Slaughter'),(386,'Tiya Sircar, Chad Connell, Marco Grazzini, Jesse Camacho, Mark Camacho, Elana Dunkelman, Kelly Hope Taylor, Kenny Wong, Daniela Sandiford, Christina Tannous, Ivan Smith, Stefanie Nakamura, Scott Humphrey, Jodie Resther, Vince Benvenuto'),(387,'David McConnell, Charley Boon, Kenna Dawn, Steve Anderson, Richard Benedict, Liz Christensen, David DeDen, Sam Di Bello, Jim Goldrup, Tom Goldrup, Matt Hale, Scarlett Hazen, Barta Heiner, Tony Hill, Cassidy Hubert'),(388,'Tucky Williams, Maya Jamner, Amanda K. Morales, Roni Jonah, L.E. Barone, Kayla Perkins, Vanessa Allen'),(389,'Stacy Haiduk, Kelly Kruger, Richard Speight Jr., Beth Littleford, Anne Leighton, Kristoff St. John, Christopher Sean, John-Paul Lavoisier, Livia Treviño, Pallavi Sastry, Joel Berti, Courtney Compton, Jeff Pomerantz, Emily Anna Bell, Tiffany Villalobos'),(390,'John Cena, Keegan-Michael Key, John Leguizamo, Brianna Hildebrand, Christian Convery, Finley Rose Slater, Judy Greer, Dennis Haysbert, Tommy Europe, Chris Webb, Brad Kelly, Jessica Garcie, Kurt Long, Nova Ryzen Smith, Latonya Williams'),(391,'Omar Epps, Jamie Kennedy, Tom Atkins, Ellen Adair, Alex Breaux, Thom Niemann, Vanessa Aspillaga, Kristina Reyes, Gary J. Tunnicliffe, Todd Farmer, Aaron Dalla Villa, Jerome Charvet, Dani Shay, Hilary Greer, Summer Crockett Moore'),(392,'Ricardo Hurtado, Breanna Yde, Jackie R. Jacobson, Abby Donnelly, Alkoya Brunson, JT Neal, Curtis Armstrong, Ian Ziering, Jeremy Howard, Jeff Meacham, Catia Ojeda, Camaron Engels, Ella Gross, Bryana Salaz, Treisa Gary'),(393,'Aaron Paul, Jonathan Banks, Matt Jones, Charles Baker, Todd Terry, Julie Pearl, Gregory Steven Soliz, Larry Hankin, Jesse Plemons, Tom Bower, Gloria Sandoval, Tess Harper, Michael Bofshever, Danielle Todesco, Scott MacArthur'),(394,'Thomas Carr, Maria Petrano, Tina Shuster, Jacob Tyler'),(395,'Todd Quills, Maria Petrano, Chen Tsung, Tony Roberts, Dave Soltura, Thomas Carr, Timothy Banfield, Kelsey Painter, Ken Young, Carmen Piroli'),(396,'Ava Michelle, Griffin Gluck, Sabrina Carpenter, Paris Berelc, Luke Eisner, Clara Wilsey, Angela Kinsey, Steve Zahn, Anjelika Washington, Rico Paris, Bria Condon, Shane Guilbeau, Christina Moses, Andrew Brodeur, Jason Rogel'),(397,'Carmen Ejogo, Theo Rossi, Emma Greenwell, Apollonia Pratt, Debrianna Mansini, Bruce Davis, Rio Alexander, Spencer Mabrey, Josh Kemble, Alexandra Nell, Sean Dillingham, Joy Jacobson, Jenna Doolittle, Tim Stafford, Jon Kristian Moore'),(398,'Amber Midthunder, Brett Zimmerman, Chris Browning, Walter Fauntleroy, Claudia Ferri, Lorenzo James Henrie, Ellen Wroe, Ashley Holliday Tavares, Nancy Linehan Charles, Jonna Walsh, Ashly Kay Monei, Stephanie Wong'),(399,'Peter Sarsgaard, Rashida Jones, Tony Revolori, Austin Pendleton, Bruce Altman, Tina Benko, Theodore Bouloukos, Adit Dileep, Perrin Drumm, Alison Fraser, John D. Hickman, Alex Karpovsky, Vin Kridakorn, Rachel Oyama, Tracee Chimo Pallero'),(400,'Adam Devine, Alexandra Shipp, Rose Byrne, Ron Funches, Charlyne Yi, Michael Peña, Wanda Sykes, Kid Cudi, Justin Hartley, Gavin Root, Blake Grunder, Richard Harder, Ray Reinhardt, Diana Jackson, Aaron Wilton'),(401,'Michael Abbott Jr., Virginia Newcomb, Andre Hyland, Sarah Baker, Jess Weixler, Poppy Cunningham, Roy Wood Jr., Sunita Mani, Janelle Cochrane, Daniel Scheinert, Christopher Campbell, Randy Tumbleweed Smith, Nancy McLemore, Alyssa Jewell, Talia Lin'),(402,'Anja Akstin, Laura Ault, Patrick Michael Buckley, Christie Burson, Antoni Corone, Karlee Eldridge, Abi Goldstein, Tilky Jones, Shein Mompremier, Fedor Steer'),(403,'Sharman Joshi, Stephen Baldwin, Shari Rigby, Manoj Mishra, Prakash Belawadi, Anusuya, Aditi Chengappa, Aneesh Daniel, Phani Eggone, Campbell Ellis, Emily Ellis, Isaac Ellis, Aishwarya Iyer, Krishna Chaithanya Joshi, Jyotsna'),(404,'Micah Balfour, Jamie Bamber, Nina Bergman, Grant Bowler, Nathan Cooper, Ronny Cox, Burt Grinstead, Martin Hancock, Kathleen Munroe, Anton Poriazov'),(405,'Zach Galifianakis, Matthew McConaughey, Rekha Shankar, Olivia Mekdara, Mo Zelof, Gabriel Gundacker, Phil Hendrie, Mary Scheer, Mike Ivy, Matt Besser, Mary Holland, Najla Samad, Michelle Munoz, Lauren Ashley Smith, Bruce Willis'),(406,'Brenda Song, Mike Vogel, Dennis Haysbert, Ashley Scott, Paul Sloan, Daniel Booko, Scott Peat, Blair Hickey, Michael Patrick McGill, Casey Leach, Jim Hanna, Ciarra Carter, Eric Etebari, Kati Salowsky, Jennifer Peo'),(407,'Thomas Downey, Dee Wallace, Trinity Simspon, Bret Green, Elise Muller, Melinda DeKay, Robert R. Ryel, Cuyle Carvin, Scott Anthony Gould, Justin Hawkins'),(408,'Thomas Freeley, Maria Petrano, Jacob Whiteshed'),(409,'Maria Petrano, Jacob Whiteshed'),(410,'Apollo Bacala, Jason Brooks, Jackie Dallas, AnnMarie Giaquinto, Ciara Hanna, Taylor McDonald, Patrick S. O\'Brien, Fernando Rubio, Jeri Ryan, William Shatner, Robert Scott Wilson, Michael Yahn, Herschel Zahnd'),(411,'Sean Patrick Flanery, Dolph Lundgren, Chuck Liddell, Natalie Burn, Quinton \'Rampage\' Jackson, Danny Trejo, Al Sapienza, Olya Banar, Riccardo Berdini, Ryan Carnes, Gianluca Di Medio Ceccarelli, Neb Chupin, Joe Corzo, Melvin Davis, Jack Dhein'),(412,'Thomas Carr, Maria Petrano'),(413,'Amanda Lynn Baez, Ariana Galya, Sabrina Garcia, Noemi Gonzalez, Dan Gregory, Danielle Guldin, Kyle Kankonde, Robert Nolan, Bill Oberst Jr., Milton Soto'),(414,'Colleen Ballinger, Erik Stocklin'),(415,'Clayton Snyder, David B. Meadows, Daniel Washington, Scott C. Roe, Larissa Andrade, Scott Hoffman, Kaitlyn Hiller, Taylor Vale, Adam Weppler, Mary Paolino, Evan Leone, Jeffrey Alan Solomon, Sal Rendino, Jose Guns Alves, Michael Bakkensen'),(416,'Dakota Johnson, Casey Affleck, Jason Segel, Gwendoline Christie, Cherry Jones, Violet McGraw, Reed Diamond, Ahna O\'Reilly, Azita Ghanizada, Michael Papajohn, Jennifer Pierce Mathus, Marielle Scott, Isabella Kai, Chandler Head, Ritchie Montgomery'),(417,'Camila Morrone, James Badge Dale, Calvin Demba, Ben Rosenfield, Rebecca Henderson, Rob Grabow, Gabriel Vega'),(418,'Tallie Medel, Norma Kuhling, Lorelei Romani, C. Mason Wells, Dylan McCormick, Kolyn Brown, Willy McGee, Scott Friend, Evan Davis, Ben Sloane, Caroline Luft, Strawn Bovee, Solya Spiegel, Aundrea Fares, Jesse Hochstadt'),(419,'Laura Wiggins, Bruce Davison, Tiffany Fallon, Mark Ashworth, Bill Barrett, Nikki Tomlinson, Kylie Delre, Viviana Chavez, Diesel Madkins, Heather DeVan, Ahmed Lucan, Troy Faruk, Frank Brennan, Tristan DeVan, Cassius DeVan'),(420,'Alexis Beacher, Danielle Iannucci, Gianna Jacobs, Nicholas Michael Jacobs'),(421,'Kerry Washington, Steven Pasquale, Jeremy Jordan, Eugene Lee'),(422,'Erica Sturdefant, Jonathon Buckley, Jarrid Masse, Terra Strong, Jumarcus Mason, Caleb Thomas, Peter Stickles, Troy Castaneda, Adam Meredith, Ashley Alva, Jaime Nungaray, Himanshu Prasad, Jazz, Sacha the Urasia, Zuri the Sevral'),(423,'Jezibell Anat, Ronald Blanton, Christopher Brophy, Christopher Carey, David Coppa, Kayla Coppa, Ryan Cruce, Adam Facey, Kelly Forbes, Charlie Gabel, Stephen Gilliam, John H. Greene, Barry W. Jerald Jr., Catherine Jerald, Zachary King'),(424,'Buzz Aldrin, Bill Anders, Neil Armstrong, Frank Borman, Walter Cronkite, Betty Grissom, Jim Lovell'),(425,'Adam Hollick, Daniel O\'Reilly, Lucia Dimitra Xypteras, Monroe Robertson, Naya Abou Mousa, Havon Baraka, Manny Zaldivar, Lord KraVen, Joe Roche, Sharieff Walters, Americus Abesamis, Mark Sawicki, Mark Pirro, Michael Gaglio, Tammy Klein'),(426,'Michael Jai White, Luke Goss, Randy Couture, Madalina Anea, Grant Campbell, George Remes, Ovidiu Niculescu, Andreea Diac, Michaela Holla, Bogdan Farcas, Daniel Onuoha, Dan Cade, Cosmin Dominte, Elias Ferkin, Adina Stetcu'),(427,'Dani Kind, Steve Lund, Celina Martin, Finlay Wojtak-Hissong, Sara Canning, Romeo Carere, Maria Nash, Naledi Majola, Richard White, Kiroshan Naidoo, Keeno Lee Hector, Lia Sachs, Lionel Newton, Daniel Fox, Vash Singh'),(428,'Jordan Abbe, Jim Averill, Mikey Averill, Josh Bash, Donna Baumgartner, Thomas Benedict, Clint Boevers, Joe Brown, J.P. Bunn, Kelsea Clements, Brianna Cool, Robyn Cusmano, Caleb DeGraw, Al Eacret, Kyla Faith'),(429,'Christina Milian, Adam Demos, Jeffrey Bowyer-Chapman, Anna Jullienne, Claire Chitham, Blair Strang, Jonathan Martin, William Walker, Daniel Watterson, Simone Walker, Arlo MacDiarmid, Johnny Bright, Lucy Wigmore, Irene Wood, J.J. Fong'),(430,'Luna Labelle, Nixi Oblivion, Brianna Shewbert Rouse, Adrienne Stone'),(431,'David Thorpe, John Rhys-Davies, Kristyn Getty, Tristan Beint, Justin Butcher, Stephen Daltry, Andy Harrison, Jasmine Jones, Jonathan Keeble, Rachel Marquez, Chris Pavlo, Alison Pettit, Ben Price, Lisa Ronaghan, Andrew Wyncott');
/*!40000 ALTER TABLE `actors_list` ENABLE KEYS */;
UNLOCK TABLES;

--
-- Table structure for table `box_office`
--

DROP TABLE IF EXISTS `box_office`;
/*!40101 SET @saved_cs_client     = @@character_set_client */;
/*!50503 SET character_set_client = utf8mb4 */;
CREATE TABLE `box_office` (
  `boxOfficeID` int NOT NULL AUTO_INCREMENT,
  `grossIncome` int unsigned DEFAULT NULL,
  `budget` int unsigned DEFAULT NULL,
  PRIMARY KEY (`boxOfficeID`)
) ENGINE=InnoDB AUTO_INCREMENT=432 DEFAULT CHARSET=utf8;
/*!40101 SET character_set_client = @saved_cs_client */;

--
-- Dumping data for table `box_office`
--

LOCK TABLES `box_office` WRITE;
/*!40000 ALTER TABLE `box_office` DISABLE KEYS */;
INSERT INTO `box_office` VALUES (1,8449596,26000000),(2,85710210,170000000),(3,NULL,NULL),(4,NULL,NULL),(5,NULL,NULL),(6,NULL,NULL),(7,23470249,6500000),(8,NULL,240000),(9,NULL,NULL),(10,NULL,NULL),(11,NULL,NULL),(12,NULL,NULL),(13,NULL,NULL),(14,NULL,NULL),(15,NULL,NULL),(16,NULL,1000000),(17,NULL,NULL),(18,NULL,NULL),(19,NULL,400),(20,NULL,NULL),(21,NULL,NULL),(22,NULL,NULL),(23,NULL,NULL),(24,86858,NULL),(25,303230,5000000),(26,NULL,NULL),(27,130897,NULL),(28,NULL,NULL),(29,NULL,NULL),(30,NULL,NULL),(31,1252385,NULL),(32,NULL,NULL),(33,35417038,21000000),(34,NULL,159000000),(35,26395642,20000000),(36,NULL,NULL),(37,22680962,6000000),(38,NULL,NULL),(39,NULL,NULL),(40,4405,NULL),(41,NULL,NULL),(42,NULL,49000000),(43,NULL,6000000),(44,NULL,NULL),(45,433956983,200000000),(46,NULL,5500000),(47,30316271,40000000),(48,72476,NULL),(49,80001807,110000000),(50,NULL,NULL),(51,9198356,20000000),(52,45696,1200000),(53,48791187,31000000),(54,NULL,NULL),(55,NULL,NULL),(56,NULL,NULL),(57,5152,65000),(58,17303,NULL),(59,NULL,NULL),(60,NULL,2000000),(61,NULL,NULL),(62,NULL,NULL),(63,NULL,NULL),(64,4535154,20000000),(65,NULL,NULL),(66,NULL,NULL),(67,NULL,NULL),(68,NULL,NULL),(69,NULL,NULL),(70,226421,NULL),(71,NULL,85000),(72,NULL,NULL),(73,133000,NULL),(74,NULL,NULL),(75,790,NULL),(76,NULL,300000),(77,NULL,NULL),(78,5332621,45000000),(79,NULL,NULL),(80,NULL,NULL),(81,NULL,NULL),(82,NULL,NULL),(83,NULL,NULL),(84,12138565,14000000),(85,858373000,356000000),(86,226688,NULL),(87,NULL,NULL),(88,4515719,NULL),(89,20351818,NULL),(90,NULL,NULL),(91,NULL,NULL),(92,21360215,30000000),(93,NULL,NULL),(94,3868,3600000),(95,NULL,NULL),(96,NULL,NULL),(97,28352990,17000000),(98,319976,NULL),(99,NULL,1000000),(100,NULL,NULL),(101,NULL,NULL),(102,10205616,10000000),(103,NULL,NULL),(104,NULL,NULL),(105,54733739,9000000),(106,1508593,8000000),(107,3150000,48000000),(108,NULL,NULL),(109,NULL,NULL),(110,NULL,5000000),(111,NULL,NULL),(112,NULL,NULL),(113,NULL,NULL),(114,NULL,NULL),(115,NULL,NULL),(116,NULL,12000000),(117,NULL,NULL),(118,NULL,3500000),(119,NULL,NULL),(120,NULL,NULL),(121,NULL,NULL),(122,NULL,NULL),(123,NULL,NULL),(124,NULL,NULL),(125,NULL,NULL),(126,NULL,NULL),(127,104718230,20000000),(128,NULL,2000000),(129,NULL,NULL),(130,1635000,NULL),(131,NULL,NULL),(132,NULL,2500000),(133,NULL,NULL),(134,NULL,NULL),(135,NULL,NULL),(136,NULL,1500000),(137,NULL,NULL),(138,NULL,NULL),(139,NULL,NULL),(140,NULL,NULL),(141,12180032,38000000),(142,NULL,1600),(143,NULL,NULL),(144,NULL,NULL),(145,NULL,NULL),(146,NULL,NULL),(147,5958315,25000000),(148,NULL,NULL),(149,NULL,NULL),(150,NULL,NULL),(151,NULL,NULL),(152,NULL,NULL),(153,NULL,NULL),(154,NULL,NULL),(155,NULL,5000000),(156,NULL,7000000),(157,NULL,NULL),(158,NULL,NULL),(159,20056,NULL),(160,NULL,NULL),(161,543496835,260000000),(162,15499454,4000000),(163,355559216,183000000),(164,NULL,NULL),(165,171015687,75000000),(166,NULL,NULL),(167,NULL,NULL),(168,69030436,40000000),(169,NULL,7000000),(170,NULL,NULL),(171,NULL,NULL),(172,NULL,NULL),(173,NULL,175000),(174,NULL,NULL),(175,NULL,NULL),(176,NULL,NULL),(177,NULL,NULL),(178,390532085,160000000),(179,16649539,100000000),(180,NULL,NULL),(181,NULL,NULL),(182,NULL,NULL),(183,NULL,NULL),(184,NULL,NULL),(185,NULL,NULL),(186,NULL,NULL),(187,NULL,NULL),(188,4950029,9000000),(189,45729221,7000000),(190,2422065,NULL),(191,NULL,NULL),(192,NULL,NULL),(193,NULL,1500000),(194,NULL,NULL),(195,NULL,NULL),(196,NULL,NULL),(197,NULL,NULL),(198,NULL,630000),(199,NULL,100000),(200,NULL,1000000),(201,NULL,NULL),(202,NULL,1200000),(203,NULL,NULL),(204,NULL,NULL),(205,NULL,NULL),(206,NULL,NULL),(207,5215062,5000000),(208,173810100,200000000),(209,NULL,NULL),(210,NULL,NULL),(211,29491,NULL),(212,NULL,NULL),(213,NULL,NULL),(214,175005930,20000000),(215,NULL,NULL),(216,NULL,NULL),(217,NULL,NULL),(218,NULL,NULL),(219,NULL,NULL),(220,9956,NULL),(221,NULL,540000),(222,NULL,1000000),(223,NULL,NULL),(224,NULL,NULL),(225,NULL,NULL),(226,NULL,NULL),(227,NULL,NULL),(228,73257045,20000000),(229,40713082,14000000),(230,NULL,NULL),(231,NULL,NULL),(232,NULL,NULL),(233,NULL,NULL),(234,NULL,NULL),(235,NULL,NULL),(236,NULL,NULL),(237,NULL,100000),(238,NULL,NULL),(239,159218,NULL),(240,NULL,NULL),(241,NULL,NULL),(242,2410914,NULL),(243,83083070,20000000),(244,NULL,NULL),(245,NULL,NULL),(246,1056416,NULL),(247,NULL,NULL),(248,NULL,NULL),(249,20073804,12000000),(250,NULL,NULL),(251,NULL,NULL),(252,291477,NULL),(253,49957,NULL),(254,NULL,10000000),(255,NULL,NULL),(256,NULL,NULL),(257,NULL,NULL),(258,NULL,NULL),(259,NULL,NULL),(260,NULL,NULL),(261,NULL,NULL),(262,NULL,NULL),(263,NULL,NULL),(264,NULL,NULL),(265,NULL,NULL),(266,NULL,NULL),(267,2010613,NULL),(268,NULL,NULL),(269,54611903,20000000),(270,NULL,NULL),(271,NULL,NULL),(272,NULL,18600000),(273,NULL,1000000),(274,7189808,NULL),(275,NULL,1000000),(276,NULL,NULL),(277,22370452,16000000),(278,NULL,NULL),(279,17300439,6000000),(280,NULL,NULL),(281,NULL,175000),(282,NULL,NULL),(283,NULL,NULL),(284,NULL,NULL),(285,NULL,NULL),(286,NULL,NULL),(287,NULL,NULL),(288,5123,NULL),(289,NULL,NULL),(290,NULL,NULL),(291,NULL,NULL),(292,NULL,NULL),(293,80657,NULL),(294,1574258,NULL),(295,NULL,NULL),(296,NULL,NULL),(297,NULL,NULL),(298,NULL,NULL),(299,NULL,NULL),(300,40673960,20000000),(301,NULL,NULL),(302,NULL,NULL),(303,NULL,NULL),(304,NULL,2000000),(305,2172949,3000000),(306,374097,NULL),(307,NULL,NULL),(308,NULL,NULL),(309,1807216,NULL),(310,NULL,NULL),(311,NULL,NULL),(312,34712782,5000000),(313,NULL,NULL),(314,NULL,85000),(315,NULL,NULL),(316,NULL,NULL),(317,NULL,250000),(318,252293,NULL),(319,NULL,NULL),(320,NULL,NULL),(321,NULL,NULL),(322,NULL,NULL),(323,NULL,NULL),(324,NULL,NULL),(325,NULL,NULL),(326,NULL,NULL),(327,74152591,27000000),(328,NULL,NULL),(329,NULL,NULL),(330,NULL,NULL),(331,NULL,NULL),(332,NULL,NULL),(333,NULL,NULL),(334,NULL,NULL),(335,NULL,NULL),(336,NULL,NULL),(337,322421,NULL),(338,NULL,NULL),(339,NULL,NULL),(340,NULL,NULL),(341,NULL,NULL),(342,NULL,NULL),(343,NULL,NULL),(344,NULL,NULL),(345,NULL,NULL),(346,NULL,NULL),(347,NULL,NULL),(348,17695781,NULL),(349,NULL,NULL),(350,NULL,NULL),(351,NULL,NULL),(352,NULL,NULL),(353,NULL,NULL),(354,NULL,1000000),(355,NULL,NULL),(356,NULL,NULL),(357,NULL,NULL),(358,NULL,NULL),(359,NULL,NULL),(360,NULL,NULL),(361,NULL,NULL),(362,NULL,NULL),(363,354103,NULL),(364,NULL,50000),(365,NULL,NULL),(366,NULL,NULL),(367,NULL,NULL),(368,151049,NULL),(369,NULL,NULL),(370,NULL,NULL),(371,NULL,NULL),(372,NULL,NULL),(373,NULL,40000000),(374,NULL,NULL),(375,NULL,NULL),(376,NULL,32000000),(377,NULL,NULL),(378,NULL,NULL),(379,NULL,NULL),(380,9270920,NULL),(381,NULL,NULL),(382,19005109,6000000),(383,NULL,NULL),(384,NULL,NULL),(385,NULL,NULL),(386,NULL,NULL),(387,922656,NULL),(388,NULL,NULL),(389,NULL,NULL),(390,18847824,29900000),(391,NULL,NULL),(392,NULL,5000000),(393,NULL,NULL),(394,NULL,NULL),(395,NULL,NULL),(396,NULL,NULL),(397,NULL,NULL),(398,NULL,NULL),(399,20013,NULL),(400,6546159,5000000),(401,36856,NULL),(402,NULL,NULL),(403,607015,NULL),(404,NULL,NULL),(405,NULL,NULL),(406,NULL,NULL),(407,NULL,NULL),(408,NULL,NULL),(409,NULL,NULL),(410,NULL,1500000),(411,NULL,NULL),(412,NULL,NULL),(413,NULL,NULL),(414,NULL,NULL),(415,NULL,NULL),(416,NULL,NULL),(417,NULL,NULL),(418,NULL,95000),(419,NULL,NULL),(420,NULL,1000),(421,NULL,NULL),(422,NULL,100000),(423,NULL,1500000),(424,NULL,NULL),(425,NULL,NULL),(426,NULL,3000000),(427,NULL,NULL),(428,NULL,7000),(429,NULL,NULL),(430,NULL,500000),(431,1294596,NULL);
/*!40000 ALTER TABLE `box_office` ENABLE KEYS */;
UNLOCK TABLES;

--
-- Table structure for table `directors_list`
--

DROP TABLE IF EXISTS `directors_list`;
/*!40101 SET @saved_cs_client     = @@character_set_client */;
/*!50503 SET character_set_client = utf8mb4 */;
CREATE TABLE `directors_list` (
  `directorID` int NOT NULL AUTO_INCREMENT,
  `directors` varchar(100) DEFAULT NULL,
  PRIMARY KEY (`directorID`),
  UNIQUE KEY `directorFirstName_UNIQUE` (`directorID`)
) ENGINE=InnoDB AUTO_INCREMENT=432 DEFAULT CHARSET=utf8;
/*!40101 SET character_set_client = @saved_cs_client */;

--
-- Dumping data for table `directors_list`
--

LOCK TABLES `directors_list` WRITE;
/*!40000 ALTER TABLE `directors_list` DISABLE KEYS */;
INSERT INTO `directors_list` VALUES (1,'Edward Norton'),(2,'Robert Rodriguez'),(3,'Jeff Tremaine'),(4,'Dan Pritzker'),(5,'Annie Silverstein'),(6,'Kenneth R. Frank'),(7,'Justin Dec'),(8,'Christopher Ray'),(9,'Vivek Elangovan'),(10,'Joseph Mazzaferro'),(11,'James Snider'),(12,'Werner Herzog'),(13,'Mark Atkins'),(14,'Nick Lyon'),(15,'Justin Lee'),(16,'Michael Feifer'),(17,'Timothy Woodward Jr.'),(18,'Eric Paul Erickson, Jon Kondelik'),(19,'Nigel Bach'),(20,'Matt Peters'),(21,'Gregg Hale, Liam O\'Donnell'),(22,'Sean King'),(23,'Khu, Justin Price'),(24,'Ben Medina'),(25,'Melanie Martinez, Alissa Torvinen'),(26,'Anthony C. Ferrante'),(27,'Eric Notarnicola'),(28,'Ricky Hess, Brandon Thaxton'),(29,'Stephen Cognetti'),(30,'Michael Arias, Jumpei Mizusaki'),(31,'Wayne Isham'),(32,'Andrew Schuth'),(33,'Chris Addison'),(34,'Martin Scorsese'),(35,'Simon Curtis'),(36,'J.C. Chandor'),(37,'Olivia Wilde'),(38,'Raymond De Felitta'),(39,'Kyle Newacheck'),(40,'Max Martini'),(41,'Richard Ryan'),(42,'John Lee Hancock'),(43,'James Franco'),(44,'Luke Snellin'),(45,'Josh Cooley'),(46,'Kenneth Castillo'),(47,'Jonathan Levine'),(48,'Van Ling'),(49,'F. Gary Gray'),(50,'William Wayne'),(51,'Richard Linklater'),(52,'Tony Wash'),(53,'Todd Strauss-Schulson'),(54,'Joe Berlinger'),(55,'Arthur Diennet'),(56,'Spenser Fritz'),(57,'Hank Leigh Hump'),(58,'Jason Winer'),(59,'David M. Rosenthal'),(60,'Aaron Harvey'),(61,'Kevin Goetz, Michael Goetz'),(62,'Theo Davies'),(63,'Jonathan Helpert'),(64,'Dome Karukoski'),(65,'Ken Kushner'),(66,'Krisstian de Lara'),(67,'Linda Palmer'),(68,'Eric Pham'),(69,'Robert Rippberger'),(70,'Eddie Mensore'),(71,'Jeffrey Grellman'),(72,'Harvey Lowry'),(73,'Jérôme Cohen-Olivar'),(74,'Hughes William Thompson'),(75,'Shane Stanley'),(76,'James Suttles'),(77,'Mark Polish'),(78,'John Crowley'),(79,'Brian Childs'),(80,'Matthew Tibbenham'),(81,'Richard LeMay'),(82,'Meir Zarchi'),(83,'Mark Blanchard'),(84,'Jenny Gage'),(85,'Anthony Russo, Joe Russo'),(86,'Kirill Mikhanovsky'),(87,'Brad Anderson'),(88,'Joe Talbot'),(89,'Tyler Nilson, Michael Schwartz'),(90,'Ajmal Zaheer Ahmad'),(91,'Tom Morash'),(92,'Tim Story'),(93,'Chris Buck, Jennifer Lee'),(94,'Joel Souza'),(95,'Adam Marino'),(96,'Claudia Myers'),(97,'Kasi Lemmons'),(98,'Noah Hawley'),(99,'Monty Whitebloom, Andy Delaney'),(100,'Eryc Tramonn'),(101,'Ted Carney'),(102,'Robin Bissell'),(103,'J.M. Berrios'),(104,'Peter Bishai'),(105,'Michael Chaves'),(106,'Vincent D\'Onofrio'),(107,'Elizabeth Banks'),(108,'Fred Wolf'),(109,'Georges Padey'),(110,'Steven Jay Bernheim'),(111,'Richard Lerner'),(112,'Max Pachman'),(113,'Austin Smagalski'),(114,'Marc Lawrence'),(115,'Sara Seligman'),(116,'Tiago Mesquita'),(117,'John Murlowski'),(118,'Brandon Slagle'),(119,'Harley Wallen'),(120,'Mike Gunther'),(121,'Ciarán Foy'),(122,'Drew Bolduc'),(123,'Lawrence Riggins'),(124,'Alex Wolff'),(125,'John Liang'),(126,'Christopher Sheffield'),(127,'Lorene Scafaria'),(128,'William Kaufman'),(129,'Wes Miller'),(130,'Bill Condon'),(131,'Chinonye Chukwu'),(132,'Robert Shaye'),(133,'David Dinetz, Dylan Trussell'),(134,'Dallas King'),(135,'Justin Lee'),(136,'Dylan Bank'),(137,'Franck Khalfoun'),(138,'Benny Safdie, Josh Safdie'),(139,'Bob Saget'),(140,'Philip Marlatt'),(141,'Andrea Berloff'),(142,'Alexander Raye Pimentel'),(143,'Michael Goi'),(144,'Conor Allyn'),(145,'Steven Soderbergh'),(146,'Christopher James Cramer'),(147,'Rupert Wyatt'),(148,'John Asher'),(149,'Erik White'),(150,'Rob Gardner'),(151,'Jay Lowi'),(152,'John-Paul Panelli'),(153,'Adam Sherman'),(154,'Tim McCann, Ingo Vollkammer'),(155,'Goran Dukic'),(156,'Mark Steven Johnson'),(157,'Jenni Ivers'),(158,'Jason Mewes'),(159,'Casey Affleck'),(160,'Adam Randall'),(161,'Jon Favreau'),(162,'Nisha Ganatra'),(163,'Guy Ritchie'),(164,'Adisa'),(165,'Chad Stahelski'),(166,'Clark Johnson'),(167,'Teo Konuralp'),(168,'Ric Roman Waugh'),(169,'Michael S. Ojeda'),(170,'Nathaniel Nose'),(171,'R.J. Daniel Hanna'),(172,'Josh Hasty'),(173,'Billy Chase Goforth'),(174,'Harley Wallen'),(175,'Joe Sill'),(176,'Rhys Ernst'),(177,'Tim Disney'),(178,'Jon Watts'),(179,'Chris Butler'),(180,'Minhal Baig'),(181,'Michael Ciulla'),(182,'Greg Emetaz'),(183,'Dan Berk, Robert Olsen'),(184,'Jaki Bradley'),(185,'Larry Clarke'),(186,'Juan Frausto'),(187,'Ara Paiaya'),(188,'Ry Russo-Young'),(189,'Justin Baldoni'),(190,'Kevin Smith'),(191,'Leslie Bloom'),(192,'Scott Beck, Bryan Woods'),(193,'Josh Janowicz'),(194,'J.D. Dillard'),(195,'Rashid Johnson'),(196,'Steve Helgoth'),(197,'Seth Green'),(198,'Curtis Graham'),(199,'Adam William Ward'),(200,'Robi Michael'),(201,'Chris Helton'),(202,'Daniel Keith, Snorri Sturluson'),(203,'Tommy Stovall'),(204,'John Herzfeld'),(205,'Grant S. Johnson'),(206,'Andrew Patterson'),(207,'Jacob Estes'),(208,'David Leitch'),(209,'Tate Bunker'),(210,'Joseph Mbah'),(211,'Tom DeNucci'),(212,'Eric Balfour'),(213,'Leslie Small'),(214,'Jordan Peele'),(215,'Chris Poche'),(216,'Greg Derasmo'),(217,'Martha Stephens'),(218,'Micah Gallo'),(219,'Lucas Heyne'),(220,'James Helsing'),(221,'Gene Blalock'),(222,'Massimiliano Cerchi'),(223,'Sophia Cacciola, Michael J. Epstein'),(224,'Pippa Bianco'),(225,'Jay Holben'),(226,'Steve Grimaldi'),(227,'Dan Gilroy'),(228,'Tyler Perry'),(229,'Roxann Dawson'),(230,'Charlie Comparetto'),(231,'J.M. Stelly'),(232,'Perry Blackshear'),(233,'Josh Stewart'),(234,'Sam Liu'),(235,'Joseph Mazzaferro, Joseph Thomas'),(236,'David Mahmoudieh'),(237,'Caryn Waechter'),(238,'Adam Dick'),(239,'Britt Poulton, Dan Madison Savage'),(240,'Blayne Weaver'),(241,'Jeffrey G. Hunt'),(242,'Riley Stearns'),(243,'Gene Stupnitsky'),(244,'Phillip Youmans'),(245,'Clarence Williams IV'),(246,'Alex Ranarivelo'),(247,'Nahnatchka Khan'),(248,'Patrick Fogarty'),(249,'Deon Taylor'),(250,'Nick Powell'),(251,'Anthony Hornus'),(252,'Malik Bader'),(253,'Jocelyn DeBoer, Dawn Luebbe'),(254,'Ryan Bellgardt'),(255,'Greg Pritikin'),(256,'Joseph Cross'),(257,'Kevin McMullin'),(258,'Josh Hodgins'),(259,'Travis Cluff, Chris Lofing'),(260,'Jordan Rubin'),(261,'David J. Espinosa'),(262,'Thegin German, Robert Rowland'),(263,'Matt Aselton'),(264,'Aleksandr Chernyaev'),(265,'Matt Kane'),(266,'Rolfe Kanefsky'),(267,'Julius Onah'),(268,'Jeremy Saville'),(269,'Adam Shankman'),(270,'Brian Baugh'),(271,'Jeff Chan, Andrew Rhymer'),(272,'Noah Baumbach'),(273,'Ashley Hamilton'),(274,'Paul Downs Colaizzo'),(275,'Edward G. Negron'),(276,'Steve Lawson'),(277,'Michael Dowse'),(278,'James Cullen Bressack'),(279,'David Yarovesky'),(280,'Miles Doleac'),(281,'Nathan VonMinden'),(282,'M.J. Bassett'),(283,'Jeremy Berg, David Burns'),(284,'Ansel Faraj'),(285,'Fred Durst'),(286,'Joanna Bowzer'),(287,'Mark Young'),(288,'Roxanne Benjamin'),(289,'Larry Fessenden'),(290,'Kurt Ela, Kipp Tribble'),(291,'William Bindley'),(292,'Clarence Williams IV'),(293,'Justin Chon'),(294,'Bart Freundlich'),(295,'Richard Gray'),(296,'Mike Gan'),(297,'Alex Lehmann'),(298,'Jennifer Kaytin Robinson'),(299,'Nicole Bowers Wallace'),(300,'Tina Gordon'),(301,'Charlie Bean'),(302,'Keith Sutliff'),(303,'Jim Mickle'),(304,'Steven Soderbergh'),(305,'Rob Zombie'),(306,'Alma Har\'el'),(307,'Michael Matteo Rossi'),(308,'Amy Poehler'),(309,'Mitch Davis'),(310,'Wash Westmoreland'),(311,'McG'),(312,'Alex Kendrick'),(313,'Rob Lambert'),(314,'Adrian Acevedo-Smith, Arturo Acevedo-Smith'),(315,'Chris Nelson'),(316,'Cory Finley'),(317,'Jack Bils'),(318,'Corey Grant'),(319,'Jennifer Reeder'),(320,'Tony Villalobos'),(321,'Scott Z. Burns'),(322,'Brett Pierce, Drew T. Pierce'),(323,'Rob Smat'),(324,'Katt Shea'),(325,'Tony Giglio'),(326,'Richard Bates Jr.'),(327,'Gary Dauberman'),(328,'Danny Buday'),(329,'Svetlana Cvetko'),(330,'Jeremy Gardner, Christian Stella'),(331,'Patrick Brice'),(332,'Robert Luketic'),(333,'Christopher Burgart'),(334,'Pollyanna McIntosh'),(335,'Dean Alioto'),(336,'J.C. Calciano'),(337,'Lynn Shelton'),(338,'Todd Sheets'),(339,'Keola Racela'),(340,'Chelsea Stardust'),(341,'Ernie Barbarash'),(342,'Craig Brewer'),(343,'Chris Robinson'),(344,'Ken Sanzel'),(345,'John Stalberg Jr.'),(346,'Sam Irvin'),(347,'Randall Batinkoff'),(348,'Lulu Wang'),(349,'Trey Edward Shults'),(350,'Harley Wallen'),(351,'Joseph Mazzaferro'),(352,'Brian Kirk'),(353,'Elise Duran'),(354,'Josh Lobo'),(355,'Stefon Bristol'),(356,'Adam Egypt Mortimer'),(357,'Damián Romay'),(358,'Ron Oliver'),(359,'Jonathan A. Rosenbaum'),(360,'Sam Liu'),(361,'Justin Copeland, Sam Liu'),(362,'Owen Egerton'),(363,'Noble Jones'),(364,'Jeremy W. Brown, Dustin Montierth'),(365,'Waymon Boone'),(366,'Jeral Clyde Jr.'),(367,'Colby Holt, Sam Probst'),(368,'Hannah Pearl Utt'),(369,'Hiro Murai'),(370,'Danny Buday'),(371,'Fernando Cordero Caballero, Vicente Cordero'),(372,'Nick Richey'),(373,'Rian Johnson'),(374,'Karen Maine'),(375,'Logan Marshall-Green'),(376,'Michael Tiddes'),(377,'James Snider, Evan Tramel'),(378,'Alex Thompson'),(379,'Justin Benson, Aaron Moorhead'),(380,'Nacho G. Velilla'),(381,'Brent Christy'),(382,'Chuck Konzelman, Cary Solomon'),(383,'Stacia Crawford'),(384,'Travis Stevens'),(385,'Joe Begos'),(386,'Kate Melville'),(387,'T.C. Christensen'),(388,'Tucky Williams'),(389,'Kaila York'),(390,'Andy Fickman'),(391,'Patrick Lussier'),(392,'Savage Steve Holland'),(393,'Vince Gilligan'),(394,'James Snider'),(395,'James Snider'),(396,'Nzingha Stewart'),(397,'Zak Hilditch'),(398,'Michael Civille'),(399,'Michael Tyburski'),(400,'Jon Lucas, Scott Moore'),(401,'Daniel Scheinert'),(402,'Damián Romay'),(403,'Aneesh Daniel'),(404,'G.J. Echternkamp'),(405,'Scott Aukerman'),(406,'Peter Sullivan'),(407,'Cuyle Carvin'),(408,'James Snider'),(409,'James Snider'),(410,'Jared Cohn'),(411,'Michael Merino, Daniel Zirilli'),(412,'James Snider'),(413,'Nathan Crooker, Kayden Phoenix'),(414,'Marcus Raboy'),(415,'Jeremiah Jones'),(416,'Gabriela Cowperthwaite'),(417,'Annabelle Attanasio'),(418,'Dan Sallitt'),(419,'Jason DeVan'),(420,'Nicholas Michael Jacobs'),(421,'Kenny Leon'),(422,'Glenn Miller'),(423,'Christopher Forbes'),(424,'Tom Jennings'),(425,'Glenn Campbell'),(426,'Keoni Waxman'),(427,'Danishka Esterhazy'),(428,'Don Tjernagel'),(429,'Roger Kumble'),(430,'Robin Entreinger, Steve Noir'),(431,'Robert Fernandez');
/*!40000 ALTER TABLE `directors_list` ENABLE KEYS */;
UNLOCK TABLES;

--
-- Table structure for table `feedback`
--

DROP TABLE IF EXISTS `feedback`;
/*!40101 SET @saved_cs_client     = @@character_set_client */;
/*!50503 SET character_set_client = utf8mb4 */;
CREATE TABLE `feedback` (
  `feedbackID` int NOT NULL AUTO_INCREMENT,
  `metascore` int unsigned DEFAULT NULL,
  `avg_votes` decimal(3,1) unsigned DEFAULT NULL,
  `votes` int unsigned DEFAULT NULL,
  `userReviews` int unsigned DEFAULT NULL,
  `criticReviews` int unsigned DEFAULT NULL,
  PRIMARY KEY (`feedbackID`)
) ENGINE=InnoDB AUTO_INCREMENT=432 DEFAULT CHARSET=utf8;
/*!40101 SET character_set_client = @saved_cs_client */;

--
-- Dumping data for table `feedback`
--

LOCK TABLES `feedback` WRITE;
/*!40000 ALTER TABLE `feedback` DISABLE KEYS */;
INSERT INTO `feedback` VALUES (1,60,7.2,4414,87,77),(2,53,7.4,171427,2481,337),(3,39,7.0,31672,528,69),(4,50,5.5,295,10,4),(5,63,8.7,1238,1,22),(6,NULL,5.0,201,5,5),(7,31,5.4,3249,90,50),(8,NULL,3.3,194,13,2),(9,NULL,7.3,918,27,3),(10,NULL,7.5,578,31,2),(11,NULL,4.7,184,8,NULL),(12,64,6.8,179,4,15),(13,NULL,2.6,277,23,9),(14,NULL,6.7,492,17,1),(15,NULL,6.7,424,8,3),(16,NULL,3.5,191,29,1),(17,NULL,5.7,1171,33,13),(18,NULL,2.0,169,14,1),(19,NULL,5.3,103,11,1),(20,NULL,6.1,416,6,4),(21,30,2.9,298,21,10),(22,NULL,5.2,118,10,NULL),(23,NULL,4.6,586,27,7),(24,31,5.0,137,31,3),(25,NULL,6.6,1672,105,3),(26,NULL,4.6,371,24,11),(27,42,6.7,391,5,18),(28,NULL,4.1,379,38,3),(29,NULL,4.7,744,42,16),(30,NULL,6.6,795,27,7),(31,NULL,8.8,833,17,2),(32,NULL,2.6,283,39,2),(33,35,5.4,26954,396,127),(34,94,8.7,8846,99,156),(35,43,7.5,8122,158,70),(36,61,6.5,84580,849,133),(37,84,7.3,45783,566,235),(38,58,5.4,287,13,5),(39,38,6.0,73211,720,80),(40,30,5.9,769,64,6),(41,NULL,4.0,164,15,2),(42,58,6.9,55311,379,103),(43,28,4.9,318,6,11),(44,43,5.8,5670,94,19),(45,84,7.9,130535,1089,341),(46,NULL,4.9,606,8,4),(47,67,6.9,55118,588,224),(48,NULL,6.4,246,32,NULL),(49,38,5.7,74213,901,248),(50,NULL,8.8,256,1,6),(51,51,6.6,2626,65,83),(52,NULL,3.6,149,6,3),(53,60,5.9,51520,366,124),(54,52,6.6,57454,544,176),(55,NULL,7.1,760,11,2),(56,NULL,3.9,103,10,7),(57,NULL,2.9,143,17,9),(58,38,6.3,1233,18,28),(59,31,3.1,1176,65,19),(60,50,6.4,2687,33,20),(61,28,5.5,663,20,14),(62,NULL,6.8,620,32,5),(63,40,4.7,26694,783,50),(64,48,6.8,18185,183,152),(65,NULL,3.2,144,38,2),(66,NULL,4.6,462,12,5),(67,NULL,9.2,101,36,6),(68,NULL,3.2,166,6,23),(69,NULL,8.8,276,NULL,5),(70,66,7.4,503,8,16),(71,NULL,7.0,1696,44,NULL),(72,NULL,3.8,111,9,1),(73,NULL,6.1,3224,31,32),(74,NULL,5.0,357,10,3),(75,NULL,5.7,218,2,NULL),(76,NULL,3.5,200,21,3),(77,NULL,2.6,289,18,2),(78,40,6.3,4227,117,118),(79,NULL,3.3,216,13,1),(80,NULL,4.9,113,11,14),(81,NULL,4.2,285,11,17),(82,NULL,2.4,1307,93,23),(83,NULL,7.6,545,6,1),(84,30,5.4,20927,639,68),(85,78,8.5,602792,8302,531),(86,82,7.1,489,21,17),(87,36,6.3,28865,670,42),(88,83,7.4,5279,72,100),(89,70,7.8,14257,170,136),(90,NULL,4.9,415,40,9),(91,NULL,6.4,291,8,3),(92,40,6.4,32205,319,109),(93,67,6.8,707,8,29),(94,45,5.9,275,13,12),(95,NULL,4.5,1056,40,5),(96,NULL,5.8,880,25,7),(97,66,6.5,2622,117,68),(98,36,4.5,733,17,53),(99,NULL,4.9,237,17,4),(100,NULL,5.4,137,24,8),(101,NULL,4.7,109,22,NULL),(102,49,7.0,4655,64,58),(103,NULL,6.5,458,13,3),(104,NULL,4.2,181,6,10),(105,41,5.4,26206,448,204),(106,51,5.9,4177,80,34),(107,51,4.3,4834,164,47),(108,NULL,3.7,3265,121,16),(109,NULL,3.6,488,11,6),(110,NULL,3.6,137,5,NULL),(111,NULL,7.0,929,14,4),(112,NULL,5.1,549,17,3),(113,NULL,5.1,258,29,6),(114,49,6.4,1432,39,14),(115,40,4.8,282,12,6),(116,NULL,2.0,535,26,9),(117,NULL,5.7,2834,95,11),(118,NULL,5.3,684,19,39),(119,NULL,8.8,242,NULL,1),(120,NULL,2.9,216,13,NULL),(121,NULL,5.8,16652,413,31),(122,NULL,5.4,513,14,15),(123,NULL,6.1,1192,5,1),(124,63,5.4,139,12,14),(125,NULL,5.7,877,19,2),(126,NULL,3.5,189,12,1),(127,79,6.6,19725,373,194),(128,NULL,5.3,307,12,1),(129,NULL,3.0,347,40,5),(130,54,6.5,1399,37,42),(131,76,5.8,244,1,27),(132,NULL,3.1,112,4,3),(133,NULL,5.1,3164,83,2),(134,NULL,2.5,211,7,3),(135,NULL,5.0,125,7,1),(136,NULL,7.6,876,NULL,NULL),(137,NULL,5.4,1076,15,19),(138,91,8.0,913,12,22),(139,NULL,3.0,209,41,3),(140,NULL,4.5,197,10,9),(141,35,5.2,5792,146,115),(142,NULL,6.5,988,32,10),(143,31,4.4,1011,35,24),(144,NULL,6.4,1340,33,8),(145,57,6.3,20444,217,94),(146,NULL,5.1,108,7,3),(147,54,6.0,40316,303,89),(148,12,6.0,1435,14,2),(149,NULL,4.2,942,43,1),(150,NULL,3.4,227,23,NULL),(151,NULL,6.1,531,13,6),(152,NULL,4.2,629,40,10),(153,12,3.9,132,5,12),(154,NULL,4.7,265,10,3),(155,NULL,4.6,132,6,1),(156,56,6.2,2549,27,15),(157,NULL,2.3,351,35,4),(158,NULL,5.7,916,27,14),(159,67,6.6,4040,73,54),(160,NULL,6.5,229,11,20),(161,55,7.0,135276,2445,339),(162,70,6.5,12989,204,165),(163,53,7.1,156955,1966,322),(164,NULL,4.3,160,8,3),(165,73,7.6,192876,1920,346),(166,NULL,6.0,1727,57,14),(167,NULL,3.3,190,9,2),(168,45,6.5,24956,357,157),(169,NULL,6.0,2485,48,14),(170,NULL,4.8,1112,7,5),(171,NULL,5.6,107,7,7),(172,NULL,3.8,402,45,20),(173,NULL,3.4,210,15,6),(174,NULL,9.0,211,NULL,NULL),(175,49,4.8,506,11,12),(176,64,2.3,897,9,14),(177,57,5.0,211,11,7),(178,69,7.6,232517,1807,385),(179,68,6.7,9528,131,130),(180,75,3.7,205,10,6),(181,NULL,4.3,112,3,NULL),(182,NULL,3.1,271,17,8),(183,63,6.6,422,10,40),(184,NULL,7.2,1084,26,18),(185,55,3.4,133,1,7),(186,NULL,1.8,108,10,11),(187,NULL,2.2,351,18,2),(188,52,5.7,2916,56,63),(189,53,7.2,25083,234,111),(190,46,7.3,1287,43,18),(191,NULL,3.9,139,10,12),(192,69,6.3,7275,168,81),(193,NULL,5.4,855,30,4),(194,NULL,5.5,1590,41,19),(195,63,5.6,1475,27,24),(196,NULL,4.1,125,26,NULL),(197,42,5.5,787,44,8),(198,NULL,7.4,208,7,NULL),(199,NULL,4.2,240,41,1),(200,NULL,4.7,259,14,11),(201,31,3.2,314,12,3),(202,NULL,10.0,2360,6,10),(203,NULL,5.8,1202,32,42),(204,NULL,4.4,6899,158,40),(205,NULL,3.3,151,5,3),(206,NULL,7.3,136,4,21),(207,49,5.9,1271,55,40),(208,60,6.5,106848,1012,279),(209,NULL,4.0,104,5,2),(210,NULL,2.5,217,38,5),(211,NULL,5.4,939,104,13),(212,NULL,5.3,409,30,NULL),(213,NULL,3.3,194,12,1),(214,81,6.9,160339,2669,491),(215,NULL,4.8,107,1,2),(216,NULL,3.5,110,7,NULL),(217,NULL,7.1,136,1,6),(218,NULL,5.7,3407,42,37),(219,NULL,5.9,132,2,11),(220,NULL,3.5,166,23,NULL),(221,NULL,3.8,457,41,3),(222,NULL,6.1,664,44,8),(223,NULL,6.1,3717,30,30),(224,73,5.5,1090,25,20),(225,NULL,6.4,134,52,1),(226,NULL,6.1,213,30,1),(227,61,5.7,45295,490,178),(228,39,4.3,2849,117,22),(229,46,6.2,4919,181,48),(230,NULL,4.9,879,27,16),(231,NULL,6.0,990,12,10),(232,NULL,4.5,172,5,12),(233,NULL,5.9,212,11,5),(234,NULL,6.8,8484,70,28),(235,NULL,6.8,874,30,2),(236,29,4.7,265,4,3),(237,NULL,2.8,111,3,8),(238,NULL,7.3,540,16,13),(239,58,5.2,960,25,50),(240,NULL,5.1,266,13,2),(241,NULL,4.9,518,10,4),(242,65,6.7,11748,136,113),(243,60,6.7,26266,392,160),(244,74,5.4,183,6,14),(245,NULL,6.9,479,12,NULL),(246,NULL,4.9,192,11,7),(247,64,6.8,35481,302,71),(248,NULL,3.3,108,2,5),(249,53,5.7,1808,109,53),(250,34,4.9,1066,39,25),(251,NULL,5.3,133,30,1),(252,42,5.1,366,14,19),(253,69,6.3,803,8,45),(254,NULL,3.6,130,4,3),(255,31,5.6,3943,72,30),(256,50,4.7,393,11,16),(257,64,6.1,794,34,18),(258,NULL,2.8,148,16,NULL),(259,NULL,4.6,462,18,14),(260,NULL,4.1,276,15,18),(261,NULL,5.2,1071,170,5),(262,NULL,2.9,112,8,7),(263,50,5.2,2061,13,9),(264,NULL,5.0,885,25,3),(265,44,4.9,221,10,14),(266,NULL,6.2,736,12,41),(267,72,6.9,3127,74,85),(268,NULL,1.2,775,4,1),(269,49,5.1,14402,248,83),(270,NULL,4.8,325,19,3),(271,66,6.6,3890,48,28),(272,94,8.2,2010,23,99),(273,NULL,2.8,111,4,3),(274,72,6.9,2350,41,93),(275,NULL,7.2,1249,14,NULL),(276,NULL,3.0,126,6,1),(277,42,6.2,21968,292,159),(278,NULL,3.5,145,8,10),(279,44,6.2,52737,892,236),(280,NULL,2.8,158,13,19),(281,NULL,6.5,836,40,11),(282,NULL,5.5,1164,42,6),(283,NULL,3.9,108,4,12),(284,NULL,5.5,180,12,4),(285,17,4.7,3531,138,49),(286,NULL,3.5,105,18,1),(287,NULL,4.8,170,5,NULL),(288,53,4.6,830,29,39),(289,69,4.9,411,11,54),(290,NULL,3.6,335,39,6),(291,NULL,5.5,8214,86,16),(292,NULL,8.9,272,5,NULL),(293,71,7.0,143,8,17),(294,50,6.0,1508,34,70),(295,NULL,5.0,658,89,14),(296,50,5.6,1476,36,15),(297,70,7.2,7525,92,43),(298,63,6.2,13183,180,35),(299,NULL,8.5,495,3,NULL),(300,49,5.4,6921,152,65),(301,48,6.5,2401,76,19),(302,NULL,6.1,1602,42,7),(303,48,6.2,23354,384,58),(304,78,6.2,5674,48,65),(305,50,5.7,6026,232,87),(306,70,7.0,1318,12,52),(307,NULL,7.2,5730,112,16),(308,56,5.4,15062,314,55),(309,NULL,4.9,217,9,5),(310,48,6.0,2396,39,23),(311,NULL,5.1,14885,592,35),(312,17,6.7,1510,108,17),(313,40,6.3,3093,55,15),(314,NULL,6.5,740,40,1),(315,NULL,5.8,24885,195,30),(316,77,7.5,243,2,24),(317,NULL,8.1,472,4,4),(318,NULL,3.4,263,36,1),(319,NULL,5.5,196,1,36),(320,NULL,2.8,212,4,2),(321,67,7.1,1254,10,97),(322,NULL,6.4,109,1,31),(323,NULL,4.8,166,8,4),(324,55,5.7,2144,45,26),(325,NULL,3.5,3482,156,32),(326,NULL,4.8,1374,30,53),(327,53,5.9,39872,648,211),(328,NULL,5.0,168,8,1),(329,NULL,4.5,694,40,2),(330,NULL,6.1,177,2,29),(331,31,4.4,969,19,31),(332,NULL,5.3,303,7,6),(333,NULL,6.1,902,16,1),(334,49,4.9,524,13,51),(335,NULL,3.7,145,6,9),(336,NULL,3.7,102,7,8),(337,70,6.3,871,23,41),(338,NULL,7.1,2193,28,44),(339,50,5.5,155,3,32),(340,51,5.5,1661,33,87),(341,NULL,6.2,4422,85,15),(342,76,7.4,17831,214,105),(343,NULL,6.4,3117,41,12),(344,NULL,5.2,886,31,2),(345,NULL,5.6,2346,49,7),(346,NULL,5.3,161,4,1),(347,NULL,5.6,114,17,4),(348,89,7.9,12259,131,153),(349,81,7.5,829,16,42),(350,NULL,6.5,2625,60,21),(351,NULL,5.6,915,37,11),(352,NULL,6.0,271,NULL,NULL),(353,35,5.3,3387,67,8),(354,47,4.8,1243,41,56),(355,74,5.0,6812,287,34),(356,NULL,6.4,285,5,30),(357,NULL,4.2,230,19,3),(358,NULL,4.6,287,9,3),(359,NULL,4.2,161,5,5),(360,NULL,6.5,5200,63,19),(361,NULL,5.8,1998,40,10),(362,48,4.9,1677,53,20),(363,49,5.6,723,21,29),(364,NULL,5.8,109,7,3),(365,NULL,6.6,915,9,1),(366,NULL,8.3,143,1,NULL),(367,NULL,3.5,137,9,5),(368,61,5.1,163,6,24),(369,NULL,6.7,7033,86,20),(370,NULL,5.3,102,3,2),(371,NULL,4.2,120,13,4),(372,NULL,4.2,160,9,4),(373,84,6.8,1593,18,83),(374,NULL,5.9,130,NULL,5),(375,53,5.9,598,10,16),(376,21,4.4,5435,166,19),(377,NULL,2.3,191,8,1),(378,NULL,7.3,131,1,5),(379,61,6.7,198,2,27),(380,NULL,3.9,632,2,1),(381,NULL,4.9,225,13,NULL),(382,10,5.8,10783,531,32),(383,NULL,5.1,124,2,3),(384,67,5.0,1497,45,46),(385,47,5.8,879,19,47),(386,NULL,5.6,1824,50,10),(387,NULL,5.4,170,5,NULL),(388,NULL,2.4,146,6,3),(389,NULL,4.6,221,11,1),(390,24,4.5,1067,49,16),(391,16,5.1,646,27,23),(392,NULL,4.6,569,9,5),(393,72,7.5,129031,1553,122),(394,NULL,4.1,100,NULL,NULL),(395,NULL,3.6,118,2,NULL),(396,NULL,5.3,10972,253,23),(397,NULL,4.6,4213,119,29),(398,NULL,4.6,869,56,6),(399,66,5.3,426,14,15),(400,39,6.6,3674,46,24),(401,69,6.3,1602,24,39),(402,NULL,4.7,109,5,1),(403,NULL,6.3,655,209,2),(404,NULL,4.1,374,32,8),(405,59,6.1,18722,175,51),(406,NULL,4.3,14189,671,31),(407,NULL,3.7,163,11,18),(408,NULL,7.2,245,2,NULL),(409,NULL,3.5,137,1,NULL),(410,NULL,2.7,122,8,12),(411,NULL,4.9,239,10,5),(412,NULL,4.2,536,5,NULL),(413,NULL,6.6,514,1,NULL),(414,NULL,5.5,325,21,NULL),(415,NULL,2.5,2020,163,7),(416,44,7.4,157,1,11),(417,76,6.6,143,4,11),(418,81,7.1,149,NULL,59),(419,NULL,4.2,202,10,4),(420,NULL,3.8,498,33,33),(421,33,5.7,2930,205,16),(422,NULL,3.4,227,10,5),(423,NULL,1.2,134,23,NULL),(424,NULL,7.7,120,1,1),(425,NULL,1.7,998,55,2),(426,NULL,4.8,1734,33,11),(427,NULL,5.0,1691,98,46),(428,NULL,7.0,284,NULL,NULL),(429,NULL,5.6,9816,219,30),(430,NULL,2.4,146,14,3),(431,NULL,5.0,260,20,3);
/*!40000 ALTER TABLE `feedback` ENABLE KEYS */;
UNLOCK TABLES;

--
-- Table structure for table `general_information`
--

DROP TABLE IF EXISTS `general_information`;
/*!40101 SET @saved_cs_client     = @@character_set_client */;
/*!50503 SET character_set_client = utf8mb4 */;
CREATE TABLE `general_information` (
  `movieID` int NOT NULL AUTO_INCREMENT,
  `movieTitle` varchar(500) NOT NULL,
  `datePublished` date DEFAULT NULL,
  `genre` varchar(100) DEFAULT NULL,
  `duration` int unsigned DEFAULT NULL,
  `directorID` int NOT NULL,
  `writerID` int NOT NULL,
  `productionID` int NOT NULL,
  `feedbackID` int NOT NULL,
  `boxOfficeID` int NOT NULL,
  PRIMARY KEY (`movieID`),
  KEY `fk_general_information_directors_list1_idx` (`directorID`),
  KEY `fk_general_information_writers_list1_idx` (`writerID`),
  KEY `fk_general_information_production_company1_idx` (`productionID`),
  KEY `fk_general_information_feedback1_idx` (`feedbackID`),
  KEY `fk_general_information_box_office1_idx` (`boxOfficeID`),
  CONSTRAINT `fk_general_information_box_office1` FOREIGN KEY (`boxOfficeID`) REFERENCES `box_office` (`boxOfficeID`),
  CONSTRAINT `fk_general_information_directors_list1` FOREIGN KEY (`directorID`) REFERENCES `directors_list` (`directorID`),
  CONSTRAINT `fk_general_information_feedback1` FOREIGN KEY (`feedbackID`) REFERENCES `feedback` (`feedbackID`),
  CONSTRAINT `fk_general_information_production_company1` FOREIGN KEY (`productionID`) REFERENCES `production_company` (`productionID`),
  CONSTRAINT `fk_general_information_writers_list1` FOREIGN KEY (`writerID`) REFERENCES `writers_list` (`writerID`)
) ENGINE=InnoDB AUTO_INCREMENT=432 DEFAULT CHARSET=utf8;
/*!40101 SET character_set_client = @saved_cs_client */;

--
-- Dumping data for table `general_information`
--

LOCK TABLES `general_information` WRITE;
/*!40000 ALTER TABLE `general_information` DISABLE KEYS */;
INSERT INTO `general_information` VALUES (1,'Motherless Brooklyn','2019-11-01','Crime, Drama',144,1,1,1,1,1),(2,'Alita: Battle Angel','2019-02-06','Action, Adventure, Sci-Fi',122,2,2,2,2,2),(3,'The Dirt','2019-03-22','Biography, Comedy, Drama',107,3,3,3,3,3),(4,'Bolden','2019-05-03','Drama',108,4,4,4,4,4),(5,'Bull','2019-11-11','Drama',105,5,5,5,5,5),(6,'Family Obligations','2019-06-06','Comedy, Drama',81,6,6,6,6,6),(7,'Countdown','2019-10-25','Horror, Thriller',90,7,7,7,7,7),(8,'Staged Killer','2019-06-25','Thriller',88,8,8,8,8,8),(9,'Vellaipookal','2019-04-19','Crime, Drama, Thriller',122,9,9,9,9,9),(10,'Dybbuk Box: The Story of Chris Chambers','2019-05-15','Horror',60,10,10,10,10,10),(11,'Dog Town','2019-06-11','Animation',72,11,11,11,11,11),(12,'Family Romance, LLC.','2019-10-24','Drama',89,12,12,12,12,12),(13,'Monster Island','2019-06-01','Action, Adventure, Sci-Fi',89,13,13,13,13,13),(14,'D-Day','2019-09-13','War',85,14,14,14,14,14),(15,'Badland','2019-11-01','Western',117,15,15,15,15,15),(16,'Deviant Love','2019-09-13','Thriller',87,16,16,16,16,16),(17,'The Outsider','2019-06-14','Western',86,17,17,17,17,17),(18,'Arctic Apocalypse','2019-09-13','Action, Adventure, Drama',88,18,18,18,18,18),(19,'Bad Ben: The Way In','2019-05-01','Horror',89,19,19,19,19,19),(20,'Lego DC Batman: Family Matters','2019-07-21','Animation',72,20,20,20,20,20),(21,'Portals','2019-10-25','Sci-Fi',85,21,21,21,21,21),(22,'My Alien Girlfriend','2019-07-15','Comedy',72,22,22,22,22,22),(23,'The Mummy Rebirth','2019-08-13','Action, Horror',80,23,23,23,23,23),(24,'ECCO','2019-08-09','Crime, Drama, Thriller',123,24,24,24,24,24),(25,'K-12','2019-09-05','Fantasy, Horror, Musical',96,25,25,25,25,25),(26,'Zombie Tidal Wave','2019-08-17','Action, Adventure, Comedy',86,26,26,26,26,26),(27,'Mister America','2019-10-11','Comedy',89,27,27,27,27,27),(28,'Return to Horror Hotel','2019-10-15','Horror, Sci-Fi',83,28,28,28,28,28),(29,'Hell House LLC III: Lake of Fire','2019-09-19','Horror',85,29,29,29,29,29),(30,'Sound & Fury','2019-09-27','Animation',41,30,30,30,30,30),(31,'Metallica & San Francisco Symphony - S&M2','2019-10-09','Music',150,31,31,31,31,31),(32,'I See You','2019-02-12','Thriller',78,32,32,32,32,32),(33,'The Hustle','2019-05-10','Comedy, Crime',93,33,33,33,33,33),(34,'The Irishman','2019-11-27','Biography, Crime, Drama',209,34,34,34,34,34),(35,'The Art of Racing in the Rain','2019-08-09','Comedy, Drama, Romance',109,35,35,35,35,35),(36,'Triple Frontier','2019-03-13','Action, Adventure, Crime',125,36,36,36,36,36),(37,'Booksmart','2019-05-27','Comedy',102,37,37,37,37,37),(38,'Stano','2019-07-19','Drama',111,38,38,38,38,38),(39,'Murder Mystery','2019-06-14','Action, Comedy, Crime',97,39,39,39,39,39),(40,'SGT. Will Gardner','2019-01-11','Action, Adventure, Drama',125,40,40,40,40,40),(41,'Art of Deception','2019-01-22','Action, Drama, Thriller',90,41,41,41,41,41),(42,'The Highwaymen','2019-03-29','Biography, Crime, Drama',132,42,42,42,42,42),(43,'Zeroville','2019-09-20','Comedy, Drama',96,43,43,43,43,43),(44,'Let It Snow','2019-11-08','Comedy, Romance',92,44,44,44,44,44),(45,'Toy Story 4','2019-06-21','Animation, Adventure, Comedy',100,45,45,45,45,45),(46,'Counterpunch','2019-08-02','Action, Biography, Drama',97,46,46,46,46,46),(47,'Long Shot','2019-05-03','Comedy, Romance',125,47,47,47,47,47),(48,'Cliffs of Freedom','2019-03-22','Drama',137,48,48,48,48,48),(49,'Men in Black: International','2019-06-14','Action, Adventure, Comedy',114,49,49,49,49,49),(50,'Lost Angelas','2019-03-26','Mystery, Thriller',88,50,50,50,50,50),(51,'Where\'d You Go, Bernadette','2019-08-16','Comedy, Drama, Mystery',109,51,51,51,51,51),(52,'High on the Hog','2019-04-16','Action, Crime, Drama',85,52,52,52,52,52),(53,'Isn\'t It Romantic','2019-02-13','Comedy, Fantasy, Romance',89,53,53,53,53,53),(54,'Extremely Wicked, Shockingly Evil and Vile','2019-05-03','Biography, Crime, Drama',110,54,54,54,54,54),(55,'American Bistro','2019-08-13','Adventure, Comedy, Drama',94,55,55,55,55,55),(56,'Cecil','2019-01-22','Comedy, Family',80,56,56,56,56,56),(57,'100 Acres of Hell','2019-03-02','Action, Horror',85,57,57,57,57,57),(58,'Ode to Joy','2019-08-09','Comedy',97,58,58,58,58,58),(59,'Jacob\'s Ladder','2019-08-23','Drama, Horror, Mystery',89,59,59,59,59,59),(60,'Into the Ashes','2019-07-19','Crime, Drama, Mystery',98,60,60,60,60,60),(61,'A Violent Separation','2019-05-17','Crime, Thriller',106,61,61,61,61,61),(62,'Wish Man','2019-01-19','Biography',107,62,62,62,62,62),(63,'IO','2019-01-18','Adventure, Drama, Romance',96,63,63,63,63,63),(64,'Tolkien','2019-05-03','Biography, Drama, War',112,64,64,64,64,64),(65,'Tapestry','2019-01-10','Drama, Family',98,65,65,65,65,65),(66,'Investigation 13','2019-09-10','Horror, Thriller',90,66,66,66,66,66),(67,'Turnover','2019-03-08','Comedy, Drama, Family',123,67,67,67,67,67),(68,'Flay','2019-04-02','Drama, Fantasy, Horror',94,68,68,68,68,68),(69,'Strive','2019-05-19','Drama',82,69,69,69,69,69),(70,'Mine 9','2019-03-08','Drama',83,70,70,70,70,70),(71,'Mermaid Down','2019-10-15','Fantasy, Horror, Mystery',91,71,71,71,71,71),(72,'Union Bound','2019-04-22','Action, Drama, History',103,72,72,72,72,72),(73,'The 16th Episode','2019-06-28','Horror',93,73,73,73,73,73),(74,'The Divorce Party','2019-02-14','Comedy, Romance',93,74,74,74,74,74),(75,'The Untold Story','2019-01-11','Comedy, Drama',104,75,75,75,75,75),(76,'The Evil Inside Her','2019-05-24','Horror, Thriller',78,76,76,76,76,76),(77,'Against the Clock','2019-02-06','Thriller',102,77,77,77,77,77),(78,'The Goldfinch','2019-09-27','Drama',149,78,78,78,78,78),(79,'Hell of a Night','2019-01-22','Horror, Thriller',84,79,79,79,79,79),(80,'Surviving Confession','2019-07-30','Comedy, Drama',90,80,80,80,80,80),(81,'Blood Bound','2019-01-15','Horror, Thriller',96,81,81,81,81,81),(82,'I Spit on Your Grave: Deja Vu','2019-04-23','Horror, Thriller',148,82,82,82,82,82),(83,'A World Away','2019-04-06','Adventure',72,83,83,83,83,83),(84,'After','2019-04-12','Drama, Romance',105,84,84,84,84,84),(85,'Avengers: Endgame','2019-04-25','Action, Adventure, Drama',181,85,85,85,85,85),(86,'Give Me Liberty','2019-08-23','Comedy',110,86,86,86,86,86),(87,'Fractured','2019-10-11','Mystery, Thriller',99,87,87,87,87,87),(88,'The Last Black Man in San Francisco','2019-10-25','Drama',121,88,88,88,88,88),(89,'The Peanut Butter Falcon','2019-10-18','Adventure, Comedy, Drama',97,89,89,89,89,89),(90,'My Soul to Keep','2019-10-04','Horror',90,90,90,90,90,90),(91,'1/2 New Year','2019-09-10','Comedy, Drama',74,91,91,91,91,91),(92,'Shaft','2019-06-14','Action, Comedy, Crime',111,92,92,92,92,92),(93,'Frozen II','2019-11-22','Animation, Adventure, Comedy',103,93,93,93,93,93),(94,'Crown Vic','2019-11-08','Action, Crime, Drama',110,94,94,94,94,94),(95,'Beneath the Leaves','2019-02-08','Thriller',90,95,95,95,95,95),(96,'Above the Shadows','2019-07-19','Fantasy, Romance',111,96,96,96,96,96),(97,'Harriet','2019-11-22','Action, Biography, Drama',125,97,97,97,97,97),(98,'Lucy in the Sky','2019-09-20','Drama, Sci-Fi',124,98,98,98,98,98),(99,'Love Is Blind','2019-11-08','Comedy, Drama',89,99,99,99,99,99),(100,'Loners','2019-09-10','Comedy',90,100,100,100,100,100),(101,'Better Than Love','2019-07-12','Drama, Romance',85,101,101,101,101,101),(102,'The Best of Enemies','2019-04-05','Biography, Drama, History',133,102,102,102,102,102),(103,'Submission','2019-06-14','Drama, Sport',94,103,103,103,103,103),(104,'Rapid Eye Movement','2019-08-09','Thriller',108,104,104,104,104,104),(105,'The Curse of La Llorona','2019-05-03','Horror, Mystery, Thriller',93,105,105,105,105,105),(106,'The Kid','2019-03-08','Biography, Drama, Western',100,106,106,106,106,106),(107,'Charlie\'s Angels','2019-11-29','Action, Adventure, Comedy',118,107,107,107,107,107),(108,'Drunk Parents','2019-04-19','Comedy',97,108,108,108,108,108),(109,'Nereus','2019-01-11','Horror, Mystery, Thriller',103,109,109,109,109,109),(110,'Reality Queen!','2019-09-07','Comedy',84,110,110,110,110,110),(111,'Flashout','2019-03-26','Sci-Fi',90,111,111,111,111,111),(112,'Beneath Us','2019-04-11','Horror, Thriller',90,112,112,112,112,112),(113,'Donovan Reid','2019-02-02','Mystery',78,113,113,113,113,113),(114,'Noelle','2019-11-12','Comedy, Family, Fantasy',100,114,114,114,114,114),(115,'Coyote Lake','2019-08-02','Thriller',93,115,115,115,115,115),(116,'Among the Shadows','2019-03-05','Action, Crime, Drama',96,116,116,116,116,116),(117,'Assimilate','2019-05-24','Horror, Sci-Fi, Thriller',93,117,117,117,117,117),(118,'Crossbreed','2019-02-05','Action, Comedy, Sci-Fi',86,118,118,118,118,118),(119,'Enigma','2019-11-01','Horror, Mystery, Thriller',100,119,119,119,119,119),(120,'Rogue Warfare','2019-10-04','Action',103,120,120,120,120,120),(121,'Eli','2019-10-18','Horror',98,121,121,121,121,121),(122,'Assassinaut','2019-07-30','Sci-Fi',83,122,122,122,122,122),(123,'Hell Girl','2019-04-01','Horror',81,123,123,123,123,123),(124,'The Cat and the Moon','2019-07-31','Drama, Music',114,124,124,124,124,124),(125,'Recovery','2019-06-04','Horror',82,125,125,125,125,125),(126,'Split Lip','2019-02-01','Action',100,126,126,126,126,126),(127,'Hustlers','2019-09-13','Comedy, Crime, Drama',110,127,127,127,127,127),(128,'Lazarat','2019-03-29','Action, Crime, Thriller',103,128,128,128,128,128),(129,'Atone','2019-02-17','Action',89,129,129,129,129,129),(130,'The Good Liar','2019-11-08','Drama, Thriller',109,130,130,130,130,130),(131,'Clemency','2019-12-27','Drama',113,131,131,131,131,131),(132,'Ambition','2019-09-20','Thriller',87,132,132,132,132,132),(133,'Airplane Mode','2019-08-02','Comedy',80,133,133,133,133,133),(134,'Kiss Kiss','2019-03-05','Action, Crime, Drama',95,134,134,134,134,134),(135,'Swell','2019-03-26','Drama',96,135,135,135,135,135),(136,'American Criminal','2019-11-01','Thriller',100,136,136,136,136,136),(137,'Prey','2019-09-27','Adventure, Horror, Mystery',85,137,137,137,137,137),(138,'Uncut Gems','2019-12-25','Comedy, Crime, Drama',135,138,138,138,138,138),(139,'Benjamin','2019-04-23','Comedy, Drama',85,139,139,139,139,139),(140,'Dolphin Kick','2019-01-22','Adventure',89,140,140,140,140,140),(141,'The Kitchen','2019-09-20','Action, Crime, Drama',102,141,141,141,141,141),(142,'The Directive','2019-03-15','Action, Adventure, Sci-Fi',113,142,142,142,142,142),(143,'Mary','2019-10-11','Horror',84,143,143,143,143,143),(144,'Walk. Ride. Rodeo.','2019-03-08','Drama',100,144,144,144,144,144),(145,'The Laundromat','2019-09-27','Comedy, Crime, Drama',95,145,145,145,145,145),(146,'Stay','2019-03-01','Drama, Horror, Thriller',93,146,146,146,146,146),(147,'Captive State','2019-03-15','Drama, Sci-Fi, Thriller',109,147,147,147,147,147),(148,'I Hate Kids','2019-01-18','Adventure, Comedy',89,148,148,148,148,148),(149,'The Trap','2019-04-01','Comedy',90,149,149,149,149,149),(150,'What Lies Ahead','2019-03-01','Thriller',88,150,150,150,150,150),(151,'Extracurricular Activities','2019-01-28','Comedy, Mystery, Thriller',86,151,151,151,151,151),(152,'They\'re Inside','2019-07-16','Horror',83,152,152,152,152,152),(153,'She\'s Just a Shadow','2019-09-22','Crime, Drama, Thriller',118,153,153,153,153,153),(154,'American Exit','2019-05-14','Adventure, Drama',86,154,154,154,154,154),(155,'Obsession','2019-09-27','Thriller',90,155,155,155,155,155),(156,'Finding Steve McQueen','2019-03-15','Crime, Romance',91,156,156,156,156,156),(157,'Loophole','2019-02-05','Drama',86,157,157,157,157,157),(158,'Madness in the Method','2019-08-02','Comedy, Crime',99,158,158,158,158,158),(159,'Light of My Life','2019-08-09','Drama, Sci-Fi',119,159,159,159,159,159),(160,'I See You','2019-12-06','Crime, Drama, Horror',96,160,160,160,160,160),(161,'The Lion King','2019-07-19','Animation, Adventure, Drama',118,161,161,161,161,161),(162,'Late Night','2019-06-07','Comedy, Drama',102,162,162,162,162,162),(163,'Aladdin','2019-05-22','Adventure, Family, Fantasy',128,163,163,163,163,163),(164,'Skin in the Game','2019-03-27','Thriller',90,164,164,164,164,164),(165,'John Wick: Chapter 3 - Parabellum','2019-05-15','Action, Crime, Thriller',131,165,165,165,165,165),(166,'Juanita','2019-03-08','Drama',90,166,166,166,166,166),(167,'A Haunting at Silver Falls 2','2019-06-04','Horror',79,167,167,167,167,167),(168,'Angel Has Fallen','2019-08-21','Action, Thriller',121,168,168,168,168,168),(169,'The Russian Bride','2019-03-19','Horror, Thriller',101,169,169,169,169,169),(170,'The Christ Slayer','2019-02-01','Drama',115,170,170,170,170,170),(171,'Miss Virginia','2019-10-18','Drama',102,171,171,171,171,171),(172,'Candy Corn','2019-09-17','Horror, Thriller',85,172,172,172,172,172),(173,'Door in the Woods','2019-10-29','Thriller',89,173,173,173,173,173),(174,'Abstruse','2019-11-01','Action, Crime, Thriller',117,174,174,174,174,174),(175,'Stray','2019-04-01','Action, Crime, Fantasy',89,175,175,175,175,175),(176,'Adam','2019-08-14','Comedy',95,176,176,176,176,176),(177,'William','2019-04-12','Adventure, Drama, Family',100,177,177,177,177,177),(178,'Spider-Man: Far from Home','2019-07-02','Action, Adventure, Sci-Fi',129,178,178,178,178,178),(179,'Missing Link','2019-04-05','Animation, Adventure, Comedy',93,179,179,179,179,179),(180,'Hala','2019-12-06','Drama',94,180,180,180,180,180),(181,'Please Come With Me','2019-05-01','Drama, Romance',92,181,181,181,181,181),(182,'Camp Wedding','2019-03-08','Comedy, Horror, Mystery',97,182,182,182,182,182),(183,'Villains','2019-09-20','Comedy, Drama, Horror',88,183,183,183,183,183),(184,'Last Ferry','2019-10-31','Crime, Drama, Thriller',86,184,184,184,184,184),(185,'3 Days with Dad','2019-09-13','Comedy',94,185,185,185,185,185),(186,'Possession Diaries','2019-06-04','Horror',93,186,186,186,186,186),(187,'Purge of Kingdoms: The Unauthorized Game of Thrones Parody','2019-05-23','Comedy',85,187,187,187,187,187),(188,'The Sun Is Also a Star','2019-08-09','Drama, Romance',100,188,188,188,188,188),(189,'Five Feet Apart','2019-03-22','Drama, Romance',116,189,189,189,189,189),(190,'Jay and Silent Bob Reboot','2019-11-29','Comedy',105,190,190,190,190,190),(191,'Woodstock or Bust','2019-04-27','Drama',90,191,191,191,191,191),(192,'Haunt','2019-09-13','Horror, Thriller',92,192,192,192,192,192),(193,'Life Like','2019-05-14','Sci-Fi, Thriller',95,193,193,193,193,193),(194,'Sweetheart','2019-01-28','Horror, Sci-Fi, Thriller',82,194,194,194,194,194),(195,'Native Son','2019-04-06','Drama',104,195,195,195,195,195),(196,'Hesperia','2019-03-24','Crime, Drama, Thriller',80,196,196,196,196,196),(197,'Changeland','2019-06-07','Comedy, Drama',86,197,197,197,197,197),(198,'The Favorite','2019-09-13','Drama',108,198,198,198,198,198),(199,'Wally Got Wasted','2019-01-15','Comedy',99,199,199,199,199,199),(200,'Every Time I Die','2019-03-08','Thriller',98,200,200,200,200,200),(201,'Dead Water','2019-07-26','Thriller',89,201,201,201,201,201),(202,'Love in Kilnerry','2019-06-23','Comedy',100,202,202,202,202,202),(203,'Room for Rent','2019-05-07','Mystery, Thriller',81,203,203,203,203,203),(204,'Escape Plan: The Extractors','2019-06-27','Action, Crime, Thriller',97,204,204,204,204,204),(205,'Nighthawks','2019-10-03','Drama, Thriller',90,205,205,205,205,205),(206,'The Vast of Night','2019-01-26','Fantasy, Mystery, Sci-Fi',89,206,206,206,206,206),(207,'Don\'t Let Go','2019-09-27','Drama, Horror, Mystery',103,207,207,207,207,207),(208,'Fast & Furious Presents: Hobbs & Shaw','2019-08-01','Action, Adventure',137,208,208,208,208,208),(209,'The Field','2019-09-24','Fantasy, Mystery, Thriller',92,209,209,209,209,209),(210,'Expo','2019-08-03','Action, Crime, Drama',80,210,210,210,210,210),(211,'Vault','2019-06-20','Crime, Drama, Thriller',99,211,211,211,211,211),(212,'7 Days to Vegas','2019-09-20','Comedy',92,212,212,212,212,212),(213,'Undercover Brother 2','2019-11-05','Comedy',84,213,213,213,213,213),(214,'Us','2019-03-22','Horror, Mystery, Thriller',116,214,214,214,214,214),(215,'The True Don Quixote','2019-09-28','Comedy',84,215,215,215,215,215),(216,'Outlaws Don\'t Get Funerals','2019-03-01','Action, Crime, Drama',99,216,216,216,216,216),(217,'To the Stars','2019-11-10','Drama',109,217,217,217,217,217),(218,'Itsy Bitsy','2019-08-30','Fantasy, Horror, Mystery',94,218,218,218,218,218),(219,'Mope','2019-01-27','Comedy, Drama',105,219,219,219,219,219),(220,'Prescience','2019-08-01','Romance, Thriller',90,220,220,220,220,220),(221,'The Nightmare Gallery','2019-06-18','Drama, Horror, Thriller',94,221,221,221,221,221),(222,'Mayday','2019-09-10','Action, Drama, Horror',76,222,222,222,222,222),(223,'Clickbait','2019-06-18','Comedy, Horror, Thriller',80,223,223,223,223,223),(224,'Share','2019-07-27','Drama, Mystery',87,224,224,224,224,224),(225,'Before the Dawn','2019-10-07','Drama, Romance',105,225,225,225,225,225),(226,'Twelve','2019-07-23','Family, Sport',92,226,226,226,226,226),(227,'Velvet Buzzsaw','2019-02-01','Horror, Mystery, Thriller',113,227,227,227,227,227),(228,'A Madea Family Funeral','2019-03-01','Comedy',109,228,228,228,228,228),(229,'Breakthrough','2019-05-17','Biography, Drama',116,229,229,229,229,229),(230,'Ghost in the Graveyard','2019-11-05','Action, Drama, Horror',92,230,230,230,230,230),(231,'The Demonologist','2019-01-01','Crime, Fantasy, Horror',100,231,231,231,231,231),(232,'The Siren','2019-03-02','Fantasy',80,232,232,232,232,232),(233,'Back Fork','2019-04-09','Drama',98,233,233,233,233,233),(234,'Reign of the Supermen','2019-01-14','Animation, Action, Sci-Fi',87,234,234,234,234,234),(235,'Real Cases of Shadow People The Sarah McCormick Story','2019-01-01','Horror, Mystery, Thriller',107,235,235,235,235,235),(236,'See You Soon','2019-07-26','Drama, Romance',107,236,236,236,236,236),(237,'Deadcon','2019-06-15','Horror',78,237,237,237,237,237),(238,'Teacher','2019-08-02','Drama',100,238,238,238,238,238),(239,'Them That Follow','2019-11-22','Thriller',98,239,239,239,239,239),(240,'Santa Girl','2019-08-30','Comedy, Romance',90,240,240,240,240,240),(241,'Saving Zoë','2019-07-12','Drama',95,241,241,241,241,241),(242,'The Art of Self-Defense','2019-07-19','Comedy, Crime, Drama',104,242,242,242,242,242),(243,'Good Boys','2019-08-16','Adventure, Comedy',90,243,243,243,243,243),(244,'Burning Cane','2019-11-06','Drama',77,244,244,244,244,244),(245,'No Doubt','2019-05-21','Comedy, Romance',71,245,245,245,245,245),(246,'Bennett\'s War','2019-08-30','Sport',94,246,246,246,246,246),(247,'Always Be My Maybe','2019-05-31','Comedy, Romance',101,247,247,247,247,247),(248,'The 27 Club','2019-04-23','Horror',97,248,248,248,248,248),(249,'Black and Blue','2019-10-25','Action, Crime, Drama',108,249,249,249,249,249),(250,'Primal','2019-11-08','Action',97,250,250,250,250,250),(251,'MBF: Man\'s Best Friend','2019-10-28','Drama, Family, War',129,251,251,251,251,251),(252,'Killerman','2019-08-30','Action, Crime, Drama',112,252,252,252,252,252),(253,'Greener Grass','2019-10-18','Comedy',95,253,253,253,253,253),(254,'The Adventures of Jurassic Pet','2019-06-12','Adventure, Family',84,254,254,254,254,254),(255,'The Last Laugh','2019-01-11','Comedy',98,255,255,255,255,255),(256,'Summer Night','2019-07-12','Comedy, Drama',98,256,256,256,256,256),(257,'Low Tide','2019-09-05','Drama, Thriller',86,257,257,257,257,257),(258,'One Remains','2019-08-06','Horror',90,258,258,258,258,258),(259,'The Gallows Act II','2019-10-25','Horror, Mystery, Thriller',99,259,259,259,259,259),(260,'The Drone','2019-01-28','Comedy, Horror',82,260,260,260,260,260),(261,'The Evil Down the Street','2019-05-08','Drama, Horror, Mystery',97,261,261,261,261,261),(262,'Girls Guns and Blood','2019-04-23','Action, Comedy',75,262,262,262,262,262),(263,'Lying and Stealing','2019-07-12','Crime, Drama',100,263,263,263,263,263),(264,'Wake Up','2019-08-16','Action, Crime, Thriller',92,264,264,264,264,264),(265,'Auggie','2019-09-20','Drama, Sci-Fi',81,265,265,265,265,265),(266,'Art of the Dead','2019-10-04','Horror',97,266,266,266,266,266),(267,'Luce','2019-11-08','Drama',109,267,267,267,267,267),(268,'Loqueesha','2019-05-21','Comedy',98,268,268,268,268,268),(269,'What Men Want','2019-03-15','Comedy, Fantasy, Romance',117,269,269,269,269,269),(270,'The World We Make','2019-07-27','Drama',108,270,270,270,270,270),(271,'Plus One','2019-06-14','Comedy, Drama, Romance',99,271,271,271,271,271),(272,'Marriage Story','2019-12-06','Comedy, Drama, Romance',136,272,272,272,272,272),(273,'Gothic Harvest','2019-10-15','Horror',82,273,273,273,273,273),(274,'Brittany Runs a Marathon','2019-11-01','Comedy, Drama',104,274,274,274,274,274),(275,'Breaking Barbi','2019-02-15','Comedy',90,275,275,275,275,275),(276,'Pentagram','2019-08-08','Horror',80,276,276,276,276,276),(277,'Stuber','2019-07-12','Action, Comedy, Crime',93,277,277,277,277,277),(278,'Blood Craft','2019-04-09','Horror, Thriller',94,278,278,278,278,278),(279,'Brightburn','2019-06-19','Drama, Horror, Mystery',90,279,279,279,279,279),(280,'Hallowed Ground','2019-06-07','Horror',117,280,280,280,280,280),(281,'The Challenger Disaster','2019-01-25','Drama',98,281,281,281,281,281),(282,'Inside Man: Most Wanted','2019-09-24','Action',105,282,282,282,282,282),(283,'Holiday Hell','2019-11-01','Horror',100,283,283,283,283,283),(284,'Loon Lake','2019-09-26','Drama, Horror, Thriller',94,284,284,284,284,284),(285,'The Fanatic','2019-08-30','Crime, Thriller',88,285,285,285,285,285),(286,'We Are Gathered Here','2019-09-14','Comedy, Drama',82,286,286,286,286,286),(287,'Limbo','2019-08-22','Comedy, Drama, Horror',90,287,287,287,287,287),(288,'Body at Brighton Rock','2019-04-26','Horror, Thriller',87,288,288,288,288,288),(289,'Depraved','2019-09-13','Drama, Horror, Thriller',114,289,289,289,289,289),(290,'Char Man','2019-01-22','Comedy, Drama, Horror',85,290,290,290,290,290),(291,'The Last Summer','2019-05-03','Comedy',109,291,291,291,291,291),(292,'My Friend, Tucker','2019-06-03','Comedy, Drama',76,292,292,292,292,292),(293,'Ms. Purple','2019-09-06','Drama',87,293,293,293,293,293),(294,'After the Wedding','2019-11-01','Drama',112,294,294,294,294,294),(295,'Robert the Bruce','2019-06-28','History',124,295,295,295,295,295),(296,'Burn','2019-08-23','Thriller',88,296,296,296,296,296),(297,'Paddleton','2019-02-22','Comedy, Drama',89,297,297,297,297,297),(298,'Someone Great','2019-04-19','Comedy, Romance',92,298,298,298,298,298),(299,'Ring of Silence','2019-01-16','Drama',95,299,299,299,299,299),(300,'Little','2019-04-12','Comedy, Fantasy, Romance',109,300,300,300,300,300),(301,'Lady and the Tramp','2019-11-12','Adventure, Comedy, Drama',103,301,301,301,301,301),(302,'The Refuge','2019-06-26','Crime, Drama, Thriller',98,302,302,302,302,302),(303,'In the Shadow of the Moon','2019-09-27','Crime, Mystery, Sci-Fi',115,303,303,303,303,303),(304,'High Flying Bird','2019-02-08','Drama, Sport',90,304,304,304,304,304),(305,'3 from Hell','2019-09-01','Horror',115,305,305,305,305,305),(306,'Honey Boy','2019-11-08','Drama',94,306,306,306,306,306),(307,'Chase','2019-05-14','Thriller',84,307,307,307,307,307),(308,'Wine Country','2019-05-10','Comedy',103,308,308,308,308,308),(309,'The Other Side of Heaven 2: Fire of Faith','2019-06-28','Adventure, Biography, Drama',110,309,309,309,309,309),(310,'Earthquake Bird','2019-11-15','Crime, Drama, Mystery',107,310,310,310,310,310),(311,'Rim of the World','2019-05-24','Action, Adventure, Comedy',98,311,311,311,311,311),(312,'Overcomer','2019-08-23','Drama, Sport',119,312,312,312,312,312),(313,'Cuck','2019-10-04','Crime, Drama, Thriller',115,313,313,313,313,313),(314,'Soul Hunters','2019-02-09','Action, Thriller',101,314,314,314,314,314),(315,'The Perfect Date','2019-04-12','Comedy, Romance',89,315,315,315,315,315),(316,'Bad Education','2019-09-08','Comedy, Drama',103,316,316,316,316,316),(317,'Chop Chop Chang: Operation C.H.I.M.P','2019-01-11','Comedy',101,317,317,317,317,317),(318,'I Got the Hook Up 2','2019-07-12','Comedy',107,318,318,318,318,318),(319,'Knives and Skin','2019-12-06','Drama',111,319,319,319,319,319),(320,'Slasher Party','2019-01-27','Horror',80,320,320,320,320,320),(321,'The Report','2019-11-15','Drama, Thriller',119,321,321,321,321,321),(322,'The Wretched','2019-07-19','Horror',95,322,322,322,322,322),(323,'The Last Whistle','2019-06-28','Drama, Sport',87,323,323,323,323,323),(324,'Nancy Drew and the Hidden Staircase','2019-03-15','Comedy, Crime, Drama',89,324,324,324,324,324),(325,'Doom: Annihilation','2019-10-01','Action, Adventure, Horror',96,325,325,325,325,325),(326,'Tone-Deaf','2019-03-10','Comedy, Horror, Thriller',87,326,326,326,326,326),(327,'Annabelle Comes Home','2019-07-10','Horror, Mystery, Thriller',106,327,327,327,327,327),(328,'Cradle Robber','2019-08-16','Thriller',120,328,328,328,328,328),(329,'Deadly Switch','2019-01-15','Mystery, Thriller',97,329,329,329,329,329),(330,'After Midnight','2019-04-26','Drama, Horror, Sci-Fi',83,330,330,330,330,330),(331,'Corporate Animals','2019-09-20','Comedy, Horror',86,331,331,331,331,331),(332,'The Wedding Year','2019-09-20','Comedy',90,332,332,332,332,332),(333,'Witnesses','2019-09-09','Crime, Horror, Thriller',97,333,333,333,333,333),(334,'Darlin\'','2019-07-12','Horror, Thriller',100,334,334,334,334,334),(335,'Portal','2019-09-27','Horror, Thriller',75,335,335,335,335,335),(336,'Steam Room Stories: The Movie!','2019-03-29','Comedy',95,336,336,336,336,336),(337,'Sword of Trust','2019-07-19','Comedy, Drama',88,337,337,337,337,337),(338,'Clownado','2019-09-03','Comedy, Horror',99,338,338,338,338,338),(339,'Porno','2019-03-09','Comedy, Horror',98,339,339,339,339,339),(340,'Satanic Panic','2019-09-06','Comedy, Horror',85,340,340,340,340,340),(341,'Christmas in the Wild','2019-11-01','Comedy, Drama, Romance',85,341,341,341,341,341),(342,'Dolemite Is My Name','2019-10-25','Biography, Comedy, Drama',117,342,342,342,342,342),(343,'Beats','2019-06-19','Drama',109,343,343,343,343,343),(344,'Kill Chain','2019-10-18','Action, Thriller',91,344,344,344,344,344),(345,'Crypto','2019-04-12','Crime, Drama, Thriller',105,345,345,345,345,345),(346,'Purity Falls','2019-07-20','Thriller',90,346,346,346,346,346),(347,'Inside Game','2019-11-01','Drama',97,347,347,347,347,347),(348,'The Farewell','2019-09-20','Comedy, Drama',100,348,348,348,348,348),(349,'Waves','2019-11-15','Drama, Romance, Sport',135,349,349,349,349,349),(350,'Eternal Code','2019-09-06','Action',105,350,350,350,350,350),(351,'Halloween at Aunt Ethel\'s','2019-01-02','Comedy, Horror',80,351,351,351,351,351),(352,'21 Bridges','2019-11-22','Action, Crime, Drama',99,352,352,352,352,352),(353,'Can You Keep a Secret?','2019-08-16','Comedy, Romance',94,353,353,353,353,353),(354,'I Trapped the Devil','2019-04-26','Drama, Horror, Mystery',82,354,354,354,354,354),(355,'See You Yesterday','2019-05-17','Action, Adventure, Crime',84,355,355,355,355,355),(356,'Daniel Isn\'t Real','2019-12-06','Thriller',96,356,356,356,356,356),(357,'Fear Bay','2019-07-03','Thriller',87,357,357,357,357,357),(358,'Grand-Daddy Day Care','2019-02-05','Comedy, Family',96,358,358,358,358,358),(359,'Benchwarmers 2: Breaking Balls','2019-01-29','Comedy, Sport',91,359,359,359,359,359),(360,'Justice League vs. the Fatal Five','2019-03-30','Animation, Action, Fantasy',77,360,360,360,360,360),(361,'Wonder Woman: Bloodlines','2019-10-05','Animation, Action, Fantasy',83,361,361,361,361,361),(362,'Mercy Black','2019-03-30','Horror, Mystery, Thriller',88,362,362,362,362,362),(363,'The Tomorrow Man','2019-08-02','Drama, Romance',94,363,363,363,363,363),(364,'Vengeance','2019-09-13','Horror',95,364,364,364,364,364),(365,'Sunrise in Heaven','2019-04-09','Drama, Romance',85,365,365,365,365,365),(366,'Poeta','2019-09-01','Comedy, Drama, Romance',67,366,366,366,366,366),(367,'Pig Hag','2019-10-15','Comedy, Drama',84,367,367,367,367,367),(368,'Before You Know It','2019-08-30','Comedy, Drama',98,368,368,368,368,368),(369,'Guava Island','2019-04-13','Comedy, Drama, Music',55,369,369,369,369,369),(370,'The Ex Next Door','2019-03-01','Thriller',90,370,370,370,370,370),(371,'Room 37: The Mysterious Death of Johnny Thunders','2019-05-17','Drama, Thriller',100,371,371,371,371,371),(372,'Low Low','2019-02-14','Drama',92,372,372,372,372,372),(373,'Knives Out','2019-11-27','Comedy, Crime, Drama',130,373,373,373,373,373),(374,'Yes, God, Yes','2019-03-08','Drama',78,374,374,374,374,374),(375,'Adopt a Highway','2019-11-01','Drama',78,375,375,375,375,375),(376,'Sextuplets','2019-08-16','Comedy',97,376,376,376,376,376),(377,'Zoo Wars 2','2019-09-20','Animation',84,377,377,377,377,377),(378,'Saint Frances','2019-11-16','Comedy, Drama',106,378,378,378,378,378),(379,'Synchronic','2019-10-08','Horror, Sci-Fi',96,379,379,379,379,379),(380,'No manches Frida 2','2019-03-15','Comedy',102,380,380,380,380,380),(381,'The Legend of 5 Mile Cave','2019-04-02','Western',90,381,381,381,381,381),(382,'Unplanned','2019-10-04','Biography, Drama',109,382,382,382,382,382),(383,'The Husband','2019-07-17','Thriller',87,383,383,383,383,383),(384,'Girl on the Third Floor','2019-10-25','Horror',93,384,384,384,384,384),(385,'Bliss','2019-09-27','Horror',80,385,385,385,385,385),(386,'Good Sam','2019-05-16','Comedy',89,386,386,386,386,386),(387,'The Fighting Preacher','2019-07-24','Comedy, Drama, History',100,387,387,387,387,387),(388,'Girl/Girl Scene','2019-02-27','Comedy, Drama, Romance',122,388,388,388,388,388),(389,'Home Is Where the Killer Is','2019-10-01','Thriller',87,389,389,389,389,389),(390,'Playing with Fire','2019-11-08','Comedy, Family',96,390,390,390,390,390),(391,'Trick','2019-10-18','Horror',100,391,391,391,391,391),(392,'Malibu Rescue','2019-05-13','Action, Adventure, Comedy',68,392,392,392,392,392),(393,'El Camino: A Breaking Bad Movie','2019-10-11','Action, Drama',122,393,393,393,393,393),(394,'Penguin League','2019-04-05','Animation',74,394,394,394,394,394),(395,'Pixy Dragons','2019-04-09','Animation',72,395,395,395,395,395),(396,'Tall Girl','2019-09-13','Comedy',101,396,396,396,396,396),(397,'Rattlesnake','2019-10-25','Drama, Horror, Mystery',85,397,397,397,397,397),(398,'Only Mine','2019-01-15','Drama, Thriller',87,398,398,398,398,398),(399,'The Sound of Silence','2019-09-13','Drama',85,399,399,399,399,399),(400,'Jexi','2019-10-11','Comedy',84,400,400,400,400,400),(401,'The Death of Dick Long','2019-09-27','Comedy, Crime, Drama',100,401,401,401,401,401),(402,'Scare BNB','2019-05-30','Thriller',90,402,402,402,402,402),(403,'The Least of These: The Graham Staines Story','2019-03-29','Drama',112,403,403,403,403,403),(404,'The Car: Road to Revenge','2019-01-08','Action, Horror, Thriller',89,404,404,404,404,404),(405,'Between Two Ferns: The Movie','2019-09-20','Comedy',82,405,405,405,405,405),(406,'Secret Obsession','2019-07-18','Drama, Mystery, Thriller',97,406,406,406,406,406),(407,'Dolls','2019-07-02','Horror',85,407,407,407,407,407),(408,'Ogre','2019-05-14','Animation',70,408,408,408,408,408),(409,'Father\'s Day','2019-05-21','Animation',70,409,409,409,409,409),(410,'Devil\'s Revenge','2019-10-01','Horror',98,410,410,410,410,410),(411,'Acceleration','2019-11-08','Action',85,411,411,411,411,411),(412,'Jumbo','2019-04-02','Animation',80,412,412,412,412,412),(413,'Charlotte 2','2019-06-18','Horror',76,413,413,413,413,413),(414,'Miranda Sings Live... Your Welcome','2019-06-04','Comedy',61,414,414,414,414,414),(415,'Alien Warfare','2019-04-05','Action, Sci-Fi',88,415,415,415,415,415),(416,'The Friend','2019-09-06','Drama',124,416,416,416,416,416),(417,'Mickey and the Bear','2019-11-13','Drama',88,417,417,417,417,417),(418,'Fourteen','2019-11-08','Drama',94,418,418,418,418,418),(419,'Along Came the Devil 2','2019-10-11','Horror, Thriller',87,419,419,419,419,419),(420,'Night','2019-03-23','Horror, Thriller',65,420,420,420,420,420),(421,'American Son','2019-11-01','Drama',90,421,421,421,421,421),(422,'Zoombies 2','2019-03-26','Action, Adventure, Comedy',84,422,422,422,422,422),(423,'Greyhound Attack','2019-03-28','Action, Drama, War',80,423,423,423,423,423),(424,'Apollo: Missions to the Moon','2019-07-07','History',94,424,424,424,424,424),(425,'Adventures of Aladdin','2019-05-13','Adventure, Fantasy',87,425,425,425,425,425),(426,'The Hard Way','2019-03-05','Action',92,426,426,426,426,426),(427,'The Banana Splits Movie','2019-08-13','Comedy, Horror, Sci-Fi',89,427,427,427,427,427),(428,'Love Struck Sick','2019-08-08','Romance',92,428,428,428,428,428),(429,'Falling Inn Love','2019-08-29','Comedy, Romance',98,429,429,429,429,429),(430,'Abduction 101','2019-01-01','Horror',77,430,430,430,430,430),(431,'The Pilgrim\'s Progress','2019-04-18','Animation, Adventure, Family',108,431,431,431,431,431);
/*!40000 ALTER TABLE `general_information` ENABLE KEYS */;
UNLOCK TABLES;

--
-- Table structure for table `production_company`
--

DROP TABLE IF EXISTS `production_company`;
/*!40101 SET @saved_cs_client     = @@character_set_client */;
/*!50503 SET character_set_client = utf8mb4 */;
CREATE TABLE `production_company` (
  `productionID` int NOT NULL AUTO_INCREMENT,
  `productionName` varchar(200) DEFAULT NULL,
  PRIMARY KEY (`productionID`),
  UNIQUE KEY `productionID_UNIQUE` (`productionID`)
) ENGINE=InnoDB AUTO_INCREMENT=432 DEFAULT CHARSET=utf8;
/*!40101 SET character_set_client = @saved_cs_client */;

--
-- Dumping data for table `production_company`
--

LOCK TABLES `production_company` WRITE;
/*!40000 ALTER TABLE `production_company` DISABLE KEYS */;
INSERT INTO `production_company` VALUES (1,'Class 5 Films'),(2,'Twentieth Century Fox'),(3,'10th Street Entertainment'),(4,'King Bolden'),(5,'Bert Marcus Productions'),(6,'In the Garage Productions'),(7,'Boies / Schiller Film Group'),(8,'Rented Mule Films'),(9,'Indus Creations'),(10,'Mazz Appeal Films'),(11,''),(12,'Skellig Rock'),(13,'The Asylum'),(14,'Cinedigm Entertainment Group'),(15,'Papa Octopus Productions'),(16,'Feifer Worldwide'),(17,'Single Malt Productions'),(18,'Syfy'),(19,'Nigel Bach Productions'),(20,'Warner Bros. Animation'),(21,'Bloody Disgusting'),(22,'New Zealand Son Films'),(23,'Pikchure Zero Entertainment'),(24,'Citadel Film Group'),(25,'Little Ugly'),(26,'Imprint Entertainment'),(27,'Abso Lutely'),(28,'Horror Hotel'),(29,'Cognetti Films'),(30,''),(31,'Prime Zero Productions'),(32,''),(33,'Metro-Goldwyn-Mayer (MGM)'),(34,'Fábrica de Cine'),(35,'Fox 2000 Pictures'),(36,'Acquire Talent Agency'),(37,'Annapurna Pictures'),(38,'Off the Chart Entertainment'),(39,'Vinson Films'),(40,'Mona Vista Productions'),(41,'Ox Films'),(42,'Casey Silver Productions'),(43,'Patriot Pictures'),(44,'Dylan Clark Productions'),(45,'Pixar Animation Studios'),(46,'LM'),(47,'AG Studios'),(48,'Aegean Ent.'),(49,'Columbia Pictures'),(50,'WM Films'),(51,'Annapurna Pictures'),(52,'Hicktown Entertainment'),(53,'BRON Studios'),(54,'COTA Films'),(55,'Diennet Productions'),(56,'Behind the Curtain Media'),(57,'100 Acres of Hell Productions'),(58,'Mosaic'),(59,'LD Entertainment'),(60,'Michael Bruce Pictures'),(61,'Catapult Entertainment Group'),(62,'333 Films'),(63,'Baked Studios'),(64,'Fox Searchlight Pictures'),(65,'Massive Film Project'),(66,'Gorilla Studios Miami'),(67,'Runaway Productions'),(68,'Phame Factory'),(69,'Aletheia Films'),(70,'Emphatic Films'),(71,'Grellman Film'),(72,'Uptone Pictures'),(73,'Dark Island Pictures'),(74,'2020 Entertainment'),(75,'Visual Arts Entertainment'),(76,'SuttleFilm'),(77,'Benaroya Pictures'),(78,'Amazon Studios'),(79,'Javelina 98 Productions'),(80,'Happy Sisyphus Productions'),(81,'Bloodline Productions'),(82,'Deja Vu (II)'),(83,'Three Flames Pictures'),(84,'CalMaple'),(85,'Marvel Studios'),(86,'Give Me Liberty'),(87,'Koji Productions'),(88,'A24'),(89,'Armory Films'),(90,'Exxodus Pictures'),(91,'North Air Entertainment'),(92,'Davis Entertainment'),(93,'Walt Disney Animation Studios'),(94,'Brittany House Pictures'),(95,'Reel Fire Entertainment'),(96,'HIPZEE'),(97,'Martin Chase Productions'),(98,'26 Keys Productions'),(99,'Locomotive'),(100,'Loners Productions'),(101,''),(102,'Astute Films'),(103,'Foretress Films'),(104,'Rapid Eye Productions'),(105,'Atomic Monster'),(106,'Mimran Schur Pictures'),(107,'2.0 Entertainment'),(108,'BRON Studios'),(109,'Flavor Land'),(110,'London Film'),(111,'Flashout Films'),(112,'Vital Pictures'),(113,'Glass Creek Pictures'),(114,'Walt Disney Pictures'),(115,'Entertainment Law Partners'),(116,'Nomenclature Film'),(117,'Boy Meets Girl Productions'),(118,'Jaguar Cinema'),(119,'Painted Creek Productions'),(120,''),(121,'Intrepid Pictures'),(122,'Ultra Fuchsia'),(123,'Branded Films'),(124,''),(125,'PigRat Productions'),(126,'Persephone Productions'),(127,'Annapurna Pictures'),(128,'Hollywood Media Bridge'),(129,'Sweet Unknown Studios'),(130,'BRON Studios'),(131,'ACE Pictures Entertainment'),(132,'Hollywood Media Bridge'),(133,'Culprit Creative'),(134,'Red Rabbit Pictures'),(135,'Papa Octopus Productions'),(136,'Justice for All Productions'),(137,'Blumhouse Productions'),(138,'Elara Pictures'),(139,'Darius Films'),(140,'Aristar Entertainment'),(141,'BRON Studios'),(142,'Future of Film Productions'),(143,'Tucker Tooley Entertainment'),(144,'Poke Prod'),(145,'Anonymous Content'),(146,'Honor'),(147,'DreamWorks'),(148,'Red Rover Films'),(149,'Flavor Unit Entertainment'),(150,'Lago Pictures'),(151,'Free Chicken Films'),(152,'Masterfully Macabre Entertainment'),(153,'Michaelgion'),(154,'Cosmopolis Entertainment'),(155,'Mutressa Movies'),(156,'AMBI Group'),(157,'Hostetler/Bromme Productions'),(158,'Straightwire Films'),(159,'Black Bear Pictures'),(160,'Head Gear Films'),(161,'Fairview Entertainment'),(162,'3 Arts Entertainment'),(163,'Walt Disney Pictures'),(164,'Kandoo Films'),(165,'Summit Entertainment'),(166,'Homegrown Pictures'),(167,'Tony-Seven Films'),(168,'Millennium Films'),(169,'Reigning Entertainment'),(170,'Collective Development'),(171,'Moving Picture Institute'),(172,'Josh Hasty Productions'),(173,'Rockhill Studios'),(174,'Painted Creek Productions'),(175,'Diablo Entertainment (II)'),(176,'Little Punk'),(177,'William Productions'),(178,'Columbia Pictures'),(179,'Laika Entertainment'),(180,'Overbrook Entertainment'),(181,''),(182,'MINORapocalypse'),(183,'BRON Studios'),(184,'Emblematic Pictures'),(185,'Badlands Features'),(186,'Stroboscope Studios'),(187,'Conglomerate Media'),(188,'Alloy Entertainment'),(189,'CBS Films'),(190,'Destro Films'),(191,'Big Kid Films'),(192,'Broken Road Productions'),(193,'Lionsgate'),(194,'Blumhouse Productions'),(195,'Bow and Arrow Entertainment'),(196,''),(197,'Stoopid Buddy Stoodios'),(198,'Lightbearer Films'),(199,'Ward Productions'),(200,'MiLa Media'),(201,'Silver Line Films'),(202,'Archway Pictures'),(203,'Pasidg Productions Inc.'),(204,'Emmett/Furla/Oasis Films (EFO Films)'),(205,''),(206,'GED Cinema'),(207,'Blumhouse Productions'),(208,'Chris Morgan Productions'),(209,'Found the Ribbon Films'),(210,'Paradox Universe'),(211,'Dos Dudes Pictures'),(212,'Van Patten Brothers'),(213,'Universal 1440 Entertainment'),(214,'Monkeypaw Productions'),(215,'Charterhouse Films'),(216,'Big Other'),(217,'Northern Lights Films'),(218,'Hacienda Film Co.'),(219,'Parkside Pictures'),(220,'Latinx Productions'),(221,'Seraph Films'),(222,'High Point Pictures'),(223,'Launch Over'),(224,'Loveless'),(225,'ADF Productions'),(226,'Scarlet Sky Productions'),(227,'Netflix'),(228,'The Tyler Perry Company'),(229,'Fox 2000 Pictures'),(230,'Cellar Door Films'),(231,'CS West Productions'),(232,''),(233,'Allegheny Image Factory'),(234,'DC Entertainment'),(235,''),(236,'eMotion Entertainment'),(237,'Gunpowder & Sky'),(238,'Buffalo 8 Productions'),(239,'Amasia Entertainment'),(240,'The Film Studio At Shenandoah'),(241,'Studio71'),(242,'End Cue'),(243,'Good Universe'),(244,'Denizen Pictures'),(245,'Williams 4 Productions'),(246,'ESX Entertainment'),(247,'Netflix'),(248,'Cleopatra Entertainment'),(249,'Hidden Empire Film Group'),(250,'Daniel Grodnik Productions'),(251,'Collective Development'),(252,'Solution Entertainment Group'),(253,'Gulp Splash Productions'),(254,'ACE Entertainment'),(255,'Netflix'),(256,'Moving Image Productions'),(257,'Automatik'),(258,'Damascus Road Productions'),(259,'Blumhouse Productions'),(260,'Bazelevs Production'),(261,'CRA Entertainment'),(262,'Gaucho Productions'),(263,'50 Degrees Entertainment'),(264,'Archer Film Productions'),(265,'Thundercane Productions'),(266,'Mahal Empire'),(267,'Dream Factory Group'),(268,'The Best Movie'),(269,'BET Films'),(270,'Nook Lane Entertainment'),(271,'Red Hour Films'),(272,'Heyday Films'),(273,'Align Entertainment'),(274,'Material Pictures'),(275,''),(276,''),(277,'Twentieth Century Fox'),(278,'UFO Pictures'),(279,'Sony Pictures Worldwide Acquisitions (SPWA)'),(280,'Historia Films'),(281,'Vision Makers'),(282,'Universal 1440 Entertainment'),(283,'Black Sunday Productions'),(284,'Round Town Productions'),(285,'Daniel Grodnik Productions'),(286,'Gathered Here Films'),(287,'Limbo Entertainment'),(288,'Protostar Pictures'),(289,'Glass Eye Pix'),(290,'MRP Entertainment'),(291,'Gulfstream Pictures'),(292,'Williams 4 Productions'),(293,'Electric Panda Entertainment'),(294,'Ingenious Media'),(295,'Yellow Brick Films LLC'),(296,'Yale Productions'),(297,'Duplass Brothers Productions'),(298,'Feigco Entertainment'),(299,'NBW Films'),(300,'Universal Pictures'),(301,'Taylor Made'),(302,'KS Pictures'),(303,'42'),(304,'Extension 765'),(305,'Capital Arts Entertainment'),(306,'Automatik'),(307,''),(308,'Dunshire Productions'),(309,'Kolipoki Pictures'),(310,'Scott Free Productions'),(311,'Netflix'),(312,'Affirm Films'),(313,'Rimrock Pictures'),(314,'Acevedo Smith Productions'),(315,'Ace Entertainment'),(316,'Automatik'),(317,'Clown Town Productions'),(318,'BondIt Media Capital'),(319,'Newcity\'s Chicago Film Project'),(320,'LookHu'),(321,'Topic Studios'),(322,'Cailleach Productions'),(323,'Smatfilms'),(324,'Red 56'),(325,'Battle Mountain Films'),(326,'Best Medicine Productions'),(327,'Atomic Monster'),(328,'Cartel Pictures'),(329,'Headlong Entertainment'),(330,'Rustic Films'),(331,'Pacific Electric Picture Company'),(332,'Lakeshore Entertainment'),(333,'Archon Entertainment'),(334,'Hood River Entertainment'),(335,'HorrorHound Films'),(336,''),(337,'Forager Films'),(338,'Extreme Entertainment'),(339,'Evoke'),(340,'Aperture Entertainment'),(341,'Advantage Entertainment'),(342,'Davis Entertainment'),(343,'51 Minds Entertainment'),(344,'Cinetel Films'),(345,'Yale Productions'),(346,'Stargazer Films USA'),(347,'818 Media Productions'),(348,'Big Beach Films'),(349,'A24'),(350,'Painted Creek Productions'),(351,'Hawk9 Productions'),(352,'AGBO'),(353,'BCDF Pictures'),(354,''),(355,'40 Acres & A Mule Filmworks'),(356,'SpectreVision'),(357,'Sunshine Films Florida'),(358,'Universal 1440 Entertainment'),(359,'Universal 1440 Entertainment'),(360,'Warner Bros. Animation'),(361,'Warner Bros. Animation'),(362,'Divide/Conquer'),(363,'Symbolic Exchange'),(364,'Real Fiction Studios'),(365,'Nasser Group'),(366,'Clyde Vision Films'),(367,'Neighborhood Pictures'),(368,'Ball & Chain Productions'),(369,'New Regency Pictures'),(370,'Cartel Pictures'),(371,'Cleopatra Entertainment'),(372,'Halfway Crooks Entertainment'),(373,'Lionsgate'),(374,'Maiden Voyage'),(375,'Divide/Conquer'),(376,'Wayans Alvarez Productions'),(377,''),(378,''),(379,'Pfaff & Pfaff Productions'),(380,'Neverending Media'),(381,'INSP Films'),(382,'Unplanned Movie'),(383,'MarVista Entertainment'),(384,'Queensbury Pictures'),(385,'Channel 83 Films'),(386,'Wind Dancer Films'),(387,'Remember Films'),(388,'Tucky Williams Motion Pictures'),(389,'Headlong Entertainment'),(390,'Broken Road Productions'),(391,'Trix2019'),(392,'Pacific Bay Entertainment'),(393,'Netflix'),(394,''),(395,''),(396,'Wonderland Sound and Vision'),(397,'Campfire'),(398,'MarVista Entertainment'),(399,'Anonymous Content'),(400,'CBS Films'),(401,''),(402,'Sunshine Films Florida'),(403,'Skypass Entertainment'),(404,'Universal 1440 Entertainment'),(405,'Funny or Die'),(406,'Hybrid'),(407,'Millman Productions'),(408,'WOWNow Entertainment'),(409,'WOWNow Entertainment'),(410,'Cleopatra Entertainment'),(411,'7Heaven Productions'),(412,''),(413,'Ruthless Studios'),(414,'The Gersh Agency'),(415,'Actionhouse Pictures'),(416,'Black Bear Pictures'),(417,''),(418,'Static Prods.'),(419,'DeVan Clan Productions'),(420,''),(421,'Netflix'),(422,'Slightly Distorted Productions'),(423,'Forbesfilm'),(424,'1895 Films'),(425,'The Asylum'),(426,'Actionhouse Pictures'),(427,'Blue Ice Pictures'),(428,''),(429,''),(430,'Seven Light'),(431,'Cat In The Mill Studio');
/*!40000 ALTER TABLE `production_company` ENABLE KEYS */;
UNLOCK TABLES;

--
-- Table structure for table `writers_list`
--

DROP TABLE IF EXISTS `writers_list`;
/*!40101 SET @saved_cs_client     = @@character_set_client */;
/*!50503 SET character_set_client = utf8mb4 */;
CREATE TABLE `writers_list` (
  `writerID` int NOT NULL AUTO_INCREMENT,
  `writers` varchar(100) DEFAULT NULL,
  PRIMARY KEY (`writerID`)
) ENGINE=InnoDB AUTO_INCREMENT=432 DEFAULT CHARSET=utf8;
/*!40101 SET character_set_client = @saved_cs_client */;

--
-- Dumping data for table `writers_list`
--

LOCK TABLES `writers_list` WRITE;
/*!40000 ALTER TABLE `writers_list` DISABLE KEYS */;
INSERT INTO `writers_list` VALUES (1,'Jonathan Lethem, Edward Norton'),(2,'James Cameron, Laeta Kalogridis'),(3,'Amanda Adelson, Tommy Lee'),(4,'Dan Pritzker, Dan Pritzker'),(5,'Annie Silverstein, Johnny McAllister'),(6,'Kenneth R. Frank'),(7,'Justin Dec'),(8,'Lindsay Hartley, Jason-Shane Scott'),(9,'Shanmuga Bharathi, Vivek Elangovan'),(10,'Joseph Mazzaferro'),(11,'BC Fourteen'),(12,'Werner Herzog'),(13,'Mark Atkins'),(14,'Geoff Meed'),(15,'Justin Lee'),(16,'Leah McKendrick'),(17,'Sean Ryan'),(18,'Bill Hanstock'),(19,'Nigel Bach'),(20,'Jeremy Adams'),(21,'Sebastian Bendix, Liam O\'Donnell'),(22,'Sean King, Taylor King'),(23,'Justin Price'),(24,'Ben Medina, Ben Medina'),(25,'Melanie Martinez'),(26,'Ian Ziering, Thunder Levin'),(27,'Tim Heidecker, Eric Notarnicola'),(28,'Al Hess'),(29,'Stephen Cognetti'),(30,'Jumpei Mizusaki, Sturgill Simpson'),(31,''),(32,'Andrew Schuth, Justin Stanley'),(33,'Stanley Shapiro, Paul Henning'),(34,'Charles Brandt, Steven Zaillian'),(35,'Mark Bomback, Garth Stein'),(36,'Mark Boal, J.C. Chandor'),(37,'Emily Halpern, Sarah Haskins'),(38,'Robert Bruzio'),(39,'James Vanderbilt'),(40,'Max Martini'),(41,'Richard Ryan, Michael Marcelin'),(42,'John Fusco'),(43,'Steve Erickson, Paul Felten'),(44,'Laura Solon, Victoria Strouse'),(45,'John Lasseter, Andrew Stanton'),(46,'Kenneth Castillo, Alvaro Manrique'),(47,'Dan Sterling, Liz Hannah'),(48,'Van Ling, Marianne Metropoulos'),(49,'Matt Holloway, Art Marcum'),(50,'William Wayne, Jen Zias'),(51,'Richard Linklater, Holly Gent'),(52,'Andy Golub, Kevin C. Lockhart'),(53,'Erin Cardillo, Dana Fox'),(54,'Elizabeth Kloepfer, Michael Werwie'),(55,'Arthur Diennet'),(56,'Spenser Fritz'),(57,'Jason L. Koerner, Jason L. Koerner'),(58,'Max Werner, Chris Higgins'),(59,'Jeff Buhler, Sarah Thorpe'),(60,'Aaron Harvey'),(61,'Michael Arkof'),(62,'Theo Davies'),(63,'Clay Jeter, Charles Spano'),(64,'David Gleeson, Stephen Beresford'),(65,'Rob DePalo, Ken Kushner'),(66,'Clay Smith, Clay Smith'),(67,'Linda Palmer, Laree\' D. Griffith'),(68,'Matthew Daley'),(69,'Sha-Risse Smith, Piper Dellums'),(70,'Eddie Mensore'),(71,'Jeffrey Grellman, Kelly Lauren Baker'),(72,'John Errington'),(73,'Jérôme Cohen-Olivar'),(74,'Mark Famiglietti, Lane Garrison'),(75,'Lee Stanley, Shane Stanley'),(76,'James Blankenfeld'),(77,'Mark Polish'),(78,'Peter Straughan, Donna Tartt'),(79,'Brian Childs'),(80,'Nathan Shane Miller'),(81,'Richard LeMay'),(82,'Meir Zarchi'),(83,'Patrick McEveety, Mark Blanchard'),(84,'Tom Betterton, Tamara Chestna'),(85,'Christopher Markus, Stephen McFeely'),(86,'Alice Austen, Kirill Mikhanovsky'),(87,'Alan B. McElroy'),(88,'Joe Talbot, Jimmie Fails'),(89,'Tyler Nilson, Michael Schwartz'),(90,'Ajmal Zaheer Ahmad, Justin Hynous'),(91,'Drew McAnany, Georgia Menides'),(92,'Kenya Barris, Alex Barnow'),(93,'Jennifer Lee, Jennifer Lee'),(94,'Joel Souza'),(95,'Adam Marino, Naman Barsoom'),(96,'Claudia Myers'),(97,'Gregory Allen Howard, Kasi Lemmons'),(98,'Brian C. Brown, Elliott DiGuiseppi'),(99,'Jennifer Schuur'),(100,'Neil McGowan'),(101,'Ted Carney, Tim Schaaf'),(102,'Robin Bissell, Osha Gray Davidson'),(103,'Scott Pryor'),(104,'Peter Bishai, Brennan Smith'),(105,'Mikki Daughtry, Tobias Iaconis'),(106,'Andrew Lanham'),(107,'Elizabeth Banks, Evan Spiliotopoulos'),(108,'Fred Wolf, Peter Gaulke'),(109,'Itziar Martinez, Georges Padey'),(110,'Steven Jay Bernheim, Schuyler Brumley'),(111,'Richard Lerner, John Powers'),(112,'Mark Mavrothalasitis, Max Pachman'),(113,'Edward Hamel, Austin Smagalski'),(114,'Marc Lawrence'),(115,'Sara Seligman, Thomas James Bond'),(116,'Mark Morgan'),(117,'John Murlowski, Steven Palmer Peterson'),(118,'Brandon Slagle, Robert Thompson'),(119,'Jerry Hayes, Nancy Oeswein'),(120,'Mike Gunther'),(121,'David Chirchirillo, Ian Goldberg'),(122,'Drew Bolduc'),(123,'Lawrence Riggins'),(124,'Alex Wolff'),(125,'John Liang, Scott Rashap'),(126,'Christopher Sheffield'),(127,'Jessica Pressler, Lorene Scafaria'),(128,'Marco Balsamo, Keith Splinter Davis'),(129,'Wes Miller'),(130,'Jeffrey Hatcher, Nicholas Searle'),(131,'Chinonye Chukwu'),(132,'John Rocco, Jenna Lyn Wright'),(133,'David Dinetz, Jake Paul'),(134,'Dallas King'),(135,'Justin Lee'),(136,'Ken Del Vecchio, Dylan Bank'),(137,'David Coggeshall, Franck Khalfoun'),(138,'Ronald Bronstein, Benny Safdie'),(139,'Joshua Turek'),(140,'Philip Marlatt, Travis McCoy'),(141,'Ollie Masters, Ming Doyle'),(142,'Alexander Raye Pimentel'),(143,'Anthony Jaswinski'),(144,'Sean Dwyer, Dan Goforth'),(145,'Jake Bernstein, Scott Z. Burns'),(146,'Christopher James Cramer, Christopher James Cramer'),(147,'Erica Beeney, Rupert Wyatt'),(148,'Frank Dietz, Todd Traina'),(149,'Brandon Broussard, Nile Evans'),(150,'William J. Viglione'),(151,'Bob Sáenz'),(152,'Schuyler Brumley, John-Paul Panelli'),(153,'Adam Sherman'),(154,'Tim McCann, Ingo Vollkammer'),(155,'Michael Andrews'),(156,'Ken Hixon, Keith Sharon'),(157,''),(158,'Dominic Burns, Chris Anastasi'),(159,'Casey Affleck'),(160,'Devon Graye'),(161,'Jeff Nathanson, Brenda Chapman'),(162,'Mindy Kaling'),(163,'John August, Guy Ritchie'),(164,'Adisa, Steven Palmer Peterson'),(165,'Derek Kolstad, Shay Hatten'),(166,'Roderick M. Spencer, Sheila Williams'),(167,'Jesse Reffsin'),(168,'Robert Mark Kamen, Matt Cook'),(169,'Michael S. Ojeda'),(170,'DJ Perry'),(171,'Erin O\'Connor'),(172,'Josh Hasty'),(173,'Billy Chase Goforth'),(174,'Harley Wallen'),(175,'J.D. Dillard, J.D. Dillard'),(176,'Ariel Schrag, Ariel Schrag'),(177,'J.T. Allen, Tim Disney'),(178,'Chris McKenna, Erik Sommers'),(179,'Chris Butler'),(180,'Minhal Baig'),(181,'Michael Ciulla, Sara Lindsey'),(182,'Greg Emetaz, Cara Consilvio'),(183,'Dan Berk, Robert Olsen'),(184,'Ramon O. Torres'),(185,'Larry Clarke'),(186,'Juan Frausto, Rich Wealthy'),(187,'J.J. McDowell, Damián Romay'),(188,'Tracy Oliver, Nicola Yoon'),(189,'Mikki Daughtry, Tobias Iaconis'),(190,'Kevin Smith'),(191,'Leslie Bloom, Judi Blaze'),(192,'Scott Beck, Bryan Woods'),(193,'Josh Janowicz'),(194,'J.D. Dillard, Alex Hyner'),(195,'Suzan-Lori Parks, Richard Wright'),(196,''),(197,'Seth Green'),(198,'Luke Benjamin Bernard, Melinda Ledman'),(199,'Seth Hymes, Adam William Ward'),(200,'Gal Katzir, Robi Michael'),(201,'Jason Usry'),(202,'Daniel Keith'),(203,'Stuart Flack'),(204,'Miles Chapman, John Herzfeld'),(205,'Grant S. Johnson'),(206,'James Montague, Craig W. Sanger'),(207,'Jacob Estes, Jacob Estes'),(208,'Chris Morgan, Drew Pearce'),(209,'Tate Bunker, Anthony Wood'),(210,'Joseph Mbah'),(211,'Tom DeNucci, B. Dolan'),(212,'Steve Alper, Vincent Van Patten'),(213,'Ian Edwards, Stephen Mazur'),(214,'Jordan Peele'),(215,'Miguel de Cervantes y Saavedra, Chris Poche'),(216,'Greg Derasmo'),(217,'Shannon Bradley-Colleary'),(218,'Jason Alvino, Bryan Dick'),(219,'Michael Louis Albo, Lucas Heyne'),(220,'René Mena, Lashawn Williams'),(221,'Jhan Harp, Rob Stith'),(222,'Rod Smith'),(223,'Jeremy Long, Michael J. Epstein'),(224,'Pippa Bianco'),(225,'Alana de Freitas'),(226,'Steve Grimaldi'),(227,'Dan Gilroy'),(228,'Tyler Perry'),(229,'Grant Nieporte, Joyce Smith'),(230,'Charlie Comparetto'),(231,'J.M. Stelly'),(232,'Perry Blackshear'),(233,'Josh Stewart'),(234,'James Krieg, Tim Sheridan'),(235,'Joseph Mazzaferro, Joseph Thomas'),(236,'Mike Cestari, Jenia Tanaeva'),(237,'Scotty Landes'),(238,'Adam Dick'),(239,'Britt Poulton, Dan Madison Savage'),(240,'Patricia Harrington'),(241,'Brian J. Adams, LeeAnne H. Adams'),(242,'Riley Stearns'),(243,'Lee Eisenberg, Gene Stupnitsky'),(244,'Phillip Youmans'),(245,'Clarence Williams IV'),(246,'Alex Ranarivelo'),(247,'Michael Golamco, Randall Park'),(248,'Joe Flanders, Patrick Fogarty'),(249,'Peter A. Dowling'),(250,'Richard Leder'),(251,'DJ Perry'),(252,'Malik Bader'),(253,'Jocelyn DeBoer, Dawn Luebbe'),(254,'Chris Hoyt, Jerome Reygner-Kalfon'),(255,'Greg Pritikin'),(256,'Jordan Jolliff'),(257,'Kevin McMullin'),(258,'Nancy Criss, Josh Hodgins'),(259,'Chris Lofing, Travis Cluff'),(260,'Al Kaplan, Jon Kaplan'),(261,'Craig Ahrens, David J. Espinosa'),(262,'Jeff O\'Brien, Robert Rowland'),(263,'Matt Aselton, Adam Nagata'),(264,'Elana Zeltser'),(265,'Matt Kane, Marc Underhill'),(266,'Rolfe Kanefsky, Michael Mahal'),(267,'J.C. Lee, J.C. Lee'),(268,'Jeremy Saville'),(269,'Tina Gordon, Peter Huyck'),(270,'Brian Baugh, Chris Dowling'),(271,'Jeff Chan, Andrew Rhymer'),(272,'Noah Baumbach'),(273,'Chris Kobin'),(274,'Paul Downs Colaizzo'),(275,'Edward G. Negron, Vera VanGuard'),(276,'Steve Lawson, Matthew McGuchan'),(277,'Tripper Clancy'),(278,'James Cullen Bressack, Madeleine Wade'),(279,'Brian Gunn, Mark Gunn'),(280,'Miles Doleac'),(281,'Nathan VonMinden'),(282,'Brian Brightly'),(283,'Jeff Ferrell, Jeff Vigil'),(284,'Ansel Faraj, Nathan Wilson'),(285,'Fred Durst, Fred Durst'),(286,'George Usher'),(287,'Mark Young'),(288,'Roxanne Benjamin'),(289,'Larry Fessenden'),(290,'Kurt Ela, Kipp Tribble'),(291,'Scott Bindley, William Bindley'),(292,'Clarence Williams IV'),(293,'Justin Chon, Chris Dinh'),(294,'Bart Freundlich, Susanne Bier'),(295,'Eric Belgau, Angus Macfadyen'),(296,'Mike Gan'),(297,'Mark Duplass, Alex Lehmann'),(298,'Jennifer Kaytin Robinson'),(299,'Nicole Bowers Wallace, Shannon Callsen'),(300,'Tracy Oliver, Tina Gordon'),(301,'Andrew Bujalski, Kari Granlund'),(302,'Keith Sutliff'),(303,'Gregory Weidman, Geoffrey Tock'),(304,'Tarell Alvin McCraney'),(305,'Rob Zombie'),(306,'Shia LaBeouf'),(307,'Michael Matteo Rossi'),(308,'Liz Cackowski, Emily Spivey'),(309,'Mitch Davis'),(310,'Susanna Jones, Wash Westmoreland'),(311,'Zack Stentz'),(312,'Alex Kendrick, Stephen Kendrick'),(313,'Rob Lambert, Joe Varkle'),(314,'Adrian Acevedo-Smith, Arturo Acevedo-Smith'),(315,'Steve Bloom, Randall Green'),(316,'Mike Makowsky'),(317,'Jack Bils'),(318,'Michael Ballard, Ramello Barnes'),(319,'Jennifer Reeder'),(320,'Simona Shyne, Tony Villalobos'),(321,'Scott Z. Burns'),(322,'Brett Pierce, Drew T. Pierce'),(323,'Rob Smat'),(324,'Nina Fiore, John Herrera'),(325,'Tony Giglio'),(326,'Richard Bates Jr.'),(327,'James Wan, Gary Dauberman'),(328,''),(329,'Chris Sivertson'),(330,'Jeremy Gardner'),(331,'Sam Bain'),(332,'Donald Diego'),(333,'Christopher Burgart'),(334,'Jack Ketchum, Pollyanna McIntosh'),(335,'Peter Dukes, Dean Alioto'),(336,'J.C. Calciano, William Plyler'),(337,'Lynn Shelton, Michael Patrick O\'Brien'),(338,'Todd Sheets'),(339,'Matt Black, Laurence Vannicelli'),(340,'Ted Geoghegan, Grady Hendrix'),(341,'Neal H. Dobrofsky, Tippi Dobrofsky'),(342,'Scott Alexander, Larry Karaszewski'),(343,'Miles Orion Feldsott'),(344,'Ken Sanzel'),(345,'Carlyle Eubank, David Frigerio'),(346,'Shane O\'Brien, Jack Bryant'),(347,'Andy Callahan'),(348,'Lulu Wang'),(349,'Trey Edward Shults'),(350,'Harley Wallen'),(351,'Joseph Mazzaferro'),(352,'Adam Mervis, Matthew Michael Carnahan'),(353,'Peter Hutchings, Sophie Kinsella'),(354,'Josh Lobo'),(355,'Fredrica Bailey, Stefon Bristol'),(356,'Brian DeLeeuw, Brian DeLeeuw'),(357,''),(358,'Robbie Fox, David H. Steinberg'),(359,'Stephen Mazur'),(360,'Alan Burnett, Eric Carrasco'),(361,'Drew Johnson, William Moulton Marston'),(362,'Owen Egerton'),(363,'Noble Jones'),(364,'T.C. De Witt, Mike Meade'),(365,'Dan Benamor, Jan Hurst'),(366,'Jeral Clyde Jr., Elizabeth Clyde'),(367,'Colby Holt'),(368,'Jen Tullock, Hannah Pearl Utt'),(369,'Donald Glover, Stephen Glover'),(370,'Louise Burfitt-Dons'),(371,'Fernando Cordero Caballero, Vicente Cordero'),(372,'Nick Richey'),(373,'Rian Johnson'),(374,'Karen Maine'),(375,'Logan Marshall-Green'),(376,'Rick Alvarez, Mike Glock'),(377,'BC Fourteen'),(378,'Kelly O\'Sullivan'),(379,'Justin Benson'),(380,'Claudio Herrera, David S. Olivas'),(381,'Dustin Rikert, William Shockley'),(382,'Abby Johnson, Chuck Konzelman'),(383,'Dean Alioto'),(384,'Trent Haaga, Paul Johnstone'),(385,'Joe Begos'),(386,'Dete Meserve, Teena Booth'),(387,'T.C. Christensen'),(388,'Tucky Williams'),(389,'Christina Welsh'),(390,'Dan Ewen, Matt Lieberman'),(391,'Todd Farmer, Patrick Lussier'),(392,'Jed Elinoff, Savage Steve Holland'),(393,'Vince Gilligan, Vince Gilligan'),(394,'BC Fourteen'),(395,'Leslie Hill'),(396,'Sam Wolfson'),(397,'Zak Hilditch'),(398,'Matt Young'),(399,'Ben Nabors, Ben Nabors'),(400,'Jon Lucas, Scott Moore'),(401,'Billy Chew'),(402,'James S. \'Jamie\' Brown'),(403,'Andrew E. Matthews'),(404,'Michael Tabb, Michael Tabb'),(405,'Scott Aukerman, Zach Galifianakis'),(406,'Kraig Wenman, Peter Sullivan'),(407,'Justin Hawkins, Josh Hawkins'),(408,'BC Fourteen'),(409,'BC Fourteen'),(410,''),(411,'Michael Merino'),(412,'BC Fourteen'),(413,'Nathan Crooker, Rob Kotecki'),(414,''),(415,'Ben Bailey, Dave Baker'),(416,'Brad Ingelsby'),(417,'Annabelle Attanasio'),(418,'Dan Sallitt'),(419,'Jason DeVan, Jason DeVan'),(420,'Nicholas Michael Jacobs'),(421,'Christopher Demos-Brown'),(422,'Scotty Mullen'),(423,'Christopher Forbes'),(424,'Tom Jennings'),(425,'Glenn Campbell, Tammy Klein'),(426,'Thomas J. Churchill, Keoni Waxman'),(427,'Jed Elinoff, Scott Thomas'),(428,'Matt Lee Ingebritson, Don Tjernagel'),(429,'Elizabeth Hackett, Hilary Galanoy'),(430,'Robin Entreinger, Steve Noir'),(431,'John Bunyan, Robert Fernandez');
/*!40000 ALTER TABLE `writers_list` ENABLE KEYS */;
UNLOCK TABLES;

--
-- Dumping events for database 'mydb'
--

--
-- Dumping routines for database 'mydb'
--
/*!40103 SET TIME_ZONE=@OLD_TIME_ZONE */;

/*!40101 SET SQL_MODE=@OLD_SQL_MODE */;
/*!40014 SET FOREIGN_KEY_CHECKS=@OLD_FOREIGN_KEY_CHECKS */;
/*!40014 SET UNIQUE_CHECKS=@OLD_UNIQUE_CHECKS */;
/*!40101 SET CHARACTER_SET_CLIENT=@OLD_CHARACTER_SET_CLIENT */;
/*!40101 SET CHARACTER_SET_RESULTS=@OLD_CHARACTER_SET_RESULTS */;
/*!40101 SET COLLATION_CONNECTION=@OLD_COLLATION_CONNECTION */;
/*!40111 SET SQL_NOTES=@OLD_SQL_NOTES */;

-- Dump completed on 2021-05-12 15:26:19
